{"stats":{"minecraft:broken":{"minecraft:iron_shovel":2,"minecraft:iron_chestplate":1,"minecraft:iron_leggings":1,"minecraft:stone_pickaxe":2,"minecraft:stone_axe":1,"minecraft:stone_shovel":1,"minecraft:shield":1,"minecraft:iron_axe":1,"minecraft:iron_pickaxe":5,"minecraft:iron_helmet":1},"minecraft:mined":{"minecraft:white_bed":3,"minecraft:oak_sapling":2,"minecraft:obsidian":1,"minecraft:budding_amethyst":1,"minecraft:granite":28,"minecraft:grass_block":391,"minecraft:light_gray_bed":1,"minecraft:hopper":9,"minecraft:oxeye_daisy":18,"minecraft:tuff_bricks":22,"minecraft:weeping_vines_plant":3,"minecraft:tall_seagrass":1,"minecraft:glowstone":178,"minecraft:iron_ore":185,"minecraft:cobbled_deepslate":14,"minecraft:fire":4,"minecraft:deepslate_lapis_ore":26,"minecraft:azure_bluet":19,"minecraft:deepslate_redstone_ore":36,"minecraft:crimson_nylium":6,"minecraft:powder_snow":12,"minecraft:torch":3,"minecraft:calcite":5,"minecraft:poppy":3,"minecraft:melon":5,"minecraft:chest":11,"minecraft:nether_quartz_ore":24,"minecraft:cobblestone":49,"minecraft:sugar_cane":29,"minecraft:oak_planks":33,"minecraft:wall_torch":5,"minecraft:amethyst_block":8,"minecraft:seagrass":1,"minecraft:repeater":9,"minecraft:bamboo_planks":7,"minecraft:nether_wart_block":11,"minecraft:light_gray_stained_glass":5,"minecraft:wheat":15,"minecraft:waxed_copper_block":2,"minecraft:oak_log":133,"minecraft:waxed_oxidized_copper":1,"minecraft:sand":214,"minecraft:dirt":281,"minecraft:smooth_basalt":5,"minecraft:netherrack":288,"minecraft:piston":3,"minecraft:oak_leaves":51,"minecraft:deepslate":483,"minecraft:nether_gold_ore":2,"minecraft:tuff":68,"minecraft:deepslate_diamond_ore":24,"minecraft:bamboo_door":15,"minecraft:glow_lichen":2,"minecraft:decorated_pot":6,"minecraft:crimson_roots":1,"minecraft:redstone_wire":9,"minecraft:crimson_stem":1,"minecraft:redstone_ore":32,"minecraft:furnace":11,"minecraft:andesite":16,"minecraft:deepslate_iron_ore":130,"minecraft:shroomlight":2,"minecraft:bamboo":131,"minecraft:stone":959,"minecraft:redstone_wall_torch":3,"minecraft:redstone_block":2,"minecraft:comparator":3,"minecraft:lily_of_the_valley":1,"minecraft:stone_brick_slab":2,"minecraft:dandelion":7,"minecraft:oak_fence":33,"minecraft:crafting_table":8,"minecraft:cornflower":2,"minecraft:short_grass":497,"minecraft:dropper":6,"minecraft:tall_grass":100,"minecraft:copper_ore":10,"minecraft:deepslate_coal_ore":8,"minecraft:lapis_ore":10,"minecraft:deepslate_gold_ore":48,"minecraft:diorite":3,"minecraft:redstone_torch":4,"minecraft:coal_ore":424,"minecraft:gravel":17,"minecraft:cobweb":10,"minecraft:stone_bricks":12,"minecraft:gold_ore":4,"minecraft:fern":1},"minecraft:killed_by":{"minecraft:creeper":1,"minecraft:drowned":2,"minecraft:zombie":4,"minecraft:player":1,"minecraft:enderman":1,"minecraft:slime":1,"minecraft:skeleton":3},"minecraft:custom":{"minecraft:animals_bred":34,"minecraft:interact_with_crafting_table":150,"minecraft:open_barrel":5,"minecraft:leave_game":8,"minecraft:time_since_death":46686,"minecraft:sprint_one_cm":1489589,"minecraft:damage_blocked_by_shield":10851,"minecraft:drop":196,"minecraft:talked_to_villager":6,"minecraft:play_time":820406,"minecraft:deaths":14,"minecraft:jump":15931,"minecraft:interact_with_brewingstand":1,"minecraft:walk_on_water_one_cm":371852,"minecraft:enchant_item":1,"minecraft:interact_with_furnace":276,"minecraft:sleep_in_bed":13,"minecraft:open_enderchest":2,"minecraft:damage_dealt":38283,"minecraft:crouch_one_cm":75394,"minecraft:interact_with_smoker":1,"minecraft:use_cauldron":1,"minecraft:inspect_dispenser":3,"minecraft:inspect_dropper":23,"minecraft:mob_kills":533,"minecraft:inspect_hopper":41,"minecraft:climb_one_cm":75528,"minecraft:walk_one_cm":1966910,"minecraft:sneak_time":35338,"minecraft:walk_under_water_one_cm":204440,"minecraft:boat_one_cm":37997,"minecraft:total_world_time":820406,"minecraft:time_since_rest":46732,"minecraft:damage_taken":14892,"minecraft:swim_one_cm":681123,"minecraft:fly_one_cm":2327285,"minecraft:open_chest":330,"minecraft:fall_one_cm":350261},"minecraft:used":{"minecraft:tuff_bricks":14,"minecraft:iron_shovel":539,"minecraft:dispenser":1,"minecraft:ladder":2,"minecraft:chest":17,"minecraft:shield":361,"minecraft:stone":24,"minecraft:iron_sword":372,"minecraft:rotten_flesh":19,"minecraft:waxed_copper_grate":1,"minecraft:lava_bucket":3,"minecraft:hopper_minecart":2,"minecraft:stone_bricks":63,"minecraft:repeater":13,"minecraft:oak_sapling":8,"minecraft:furnace":14,"minecraft:cooked_cod":7,"minecraft:egg":14,"minecraft:diorite":1,"minecraft:dropper":8,"minecraft:stone_pickaxe":338,"minecraft:oak_planks":50,"minecraft:wooden_pickaxe":16,"minecraft:redstone_block":2,"minecraft:sugar_cane":30,"minecraft:sand":20,"minecraft:crossbow":12,"minecraft:redstone_torch":8,"minecraft:melon_slice":23,"minecraft:bread":9,"minecraft:gravel":4,"minecraft:diamond_sword":822,"minecraft:birch_log":1,"minecraft:oak_boat":1,"minecraft:bone_meal":43,"minecraft:oak_fence":36,"minecraft:flint_and_steel":1,"minecraft:stone_shovel":190,"minecraft:redstone":27,"minecraft:bamboo_door":21,"minecraft:cooked_salmon":46,"minecraft:trial_key":1,"minecraft:stone_hoe":10,"minecraft:cooked_chicken":42,"minecraft:netherrack":244,"minecraft:torch":142,"minecraft:dirt":455,"minecraft:white_carpet":1,"minecraft:hopper":28,"minecraft:granite":6,"minecraft:shroomlight":1,"minecraft:stone_brick_slab":7,"minecraft:bamboo_raft":1,"minecraft:light_gray_stained_glass":155,"minecraft:iron_axe":308,"minecraft:bamboo":24,"minecraft:glowstone":43,"minecraft:cooked_beef":43,"minecraft:cobbled_deepslate":251,"minecraft:light_gray_bed":1,"minecraft:enchanted_golden_apple":1,"minecraft:bamboo_planks":44,"minecraft:wheat_seeds":12,"minecraft:cooked_mutton":5,"minecraft:water_bucket":79,"minecraft:amethyst_block":2,"minecraft:baked_potato":4,"minecraft:rail":2,"minecraft:comparator":5,"minecraft:crafting_table":16,"minecraft:white_bed":4,"minecraft:oak_log":3,"minecraft:piston":22,"minecraft:diamond_pickaxe":1568,"minecraft:apple":1,"minecraft:oxeye_daisy":1,"minecraft:ominous_trial_key":3,"minecraft:iron_pickaxe":1306,"minecraft:stone_axe":100,"minecraft:cobblestone":169,"minecraft:cooked_porkchop":18,"minecraft:bucket":82},"minecraft:crafted":{"minecraft:oak_planks":516,"minecraft:cooked_chicken":40,"minecraft:stone":128,"minecraft:bamboo_door":9,"minecraft:cooked_mutton":5,"minecraft:bamboo_block":132,"minecraft:glass":206,"minecraft:hopper":24,"minecraft:stone_brick_slab":6,"minecraft:repeater":9,"minecraft:bow":2,"minecraft:iron_boots":2,"minecraft:comparator":4,"minecraft:chest":34,"minecraft:rail":16,"minecraft:stone_hoe":1,"minecraft:stone_bricks":68,"minecraft:oak_fence":48,"minecraft:golden_boots":1,"minecraft:bamboo_raft":1,"minecraft:dropper":5,"minecraft:cooked_porkchop":17,"minecraft:crafting_table":7,"minecraft:wooden_pickaxe":1,"minecraft:iron_helmet":2,"minecraft:copper_ingot":19,"minecraft:hopper_minecart":1,"minecraft:oak_wood":3,"minecraft:dispenser":2,"minecraft:bamboo_planks":230,"minecraft:iron_chestplate":2,"minecraft:diamond_pickaxe":2,"minecraft:shield":4,"minecraft:stick":196,"minecraft:iron_ingot":265,"minecraft:iron_pickaxe":6,"minecraft:gold_ingot":35,"minecraft:light_gray_dye":34,"minecraft:redstone_torch":32,"minecraft:stone_shovel":2,"minecraft:light_gray_stained_glass":240,"minecraft:furnace":5,"minecraft:piston":24,"minecraft:bone_meal":42,"minecraft:white_carpet":3,"minecraft:flint_and_steel":1,"minecraft:iron_axe":2,"minecraft:ladder":15,"minecraft:stone_pickaxe":2,"minecraft:redstone_block":1,"minecraft:lead":2,"minecraft:observer":11,"minecraft:cooked_beef":26,"minecraft:cooked_cod":6,"minecraft:crimson_planks":4,"minecraft:diamond_sword":1,"minecraft:iron_sword":3,"minecraft:cooked_salmon":46,"minecraft:bucket":1,"minecraft:stone_axe":1,"minecraft:glowstone":116,"minecraft:bread":2,"minecraft:air":0,"minecraft:oak_boat":1,"minecraft:white_wool":64,"minecraft:iron_shovel":3,"minecraft:iron_leggings":4,"minecraft:white_bed":1,"minecraft:torch":164},"minecraft:dropped":{"minecraft:iron_sword":1,"minecraft:piston":5,"minecraft:cooked_beef":1,"minecraft:baked_potato":1,"minecraft:glass_bottle":27,"minecraft:cooked_porkchop":8,"minecraft:weeping_vines":5,"minecraft:leather":5,"minecraft:dirt":239,"minecraft:dispenser":1,"minecraft:cornflower":3,"minecraft:sand":1,"minecraft:fishing_rod":1,"minecraft:bone":5,"minecraft:gravel":19,"minecraft:rotten_flesh":15,"minecraft:oak_planks":16,"minecraft:glowstone_dust":1,"minecraft:cooked_mutton":8,"minecraft:gunpowder":2,"minecraft:hopper":7,"minecraft:ladder":12,"minecraft:arrow":1,"minecraft:egg":4,"minecraft:stone_hoe":1,"minecraft:wheat_seeds":14,"minecraft:feather":17,"minecraft:cobblestone":33,"minecraft:observer":8,"minecraft:polished_tuff":1,"minecraft:granite":16,"minecraft:ominous_trial_key":2,"minecraft:stick":5,"minecraft:torch":24,"minecraft:cooked_salmon":3,"minecraft:waxed_oxidized_copper":2,"minecraft:light_gray_stained_glass":79,"minecraft:iron_leggings":1,"minecraft:string":20,"minecraft:stone_brick_slab":4,"minecraft:redstone":1,"minecraft:bamboo_planks":3,"minecraft:tuff":27,"minecraft:chicken":32,"minecraft:shield":2,"minecraft:diamond_pickaxe":1,"minecraft:andesite":3,"minecraft:oak_sapling":3,"minecraft:spider_eye":2,"minecraft:slime_ball":7,"minecraft:brick":4},"minecraft:picked_up":{"minecraft:iron_chestplate":9,"minecraft:wheat":14,"minecraft:redstone_block":2,"minecraft:lead":10,"minecraft:diamond_sword":7,"minecraft:potion":8,"minecraft:amethyst_block":22,"minecraft:string":40,"minecraft:raw_copper":59,"minecraft:cooked_salmon":28,"minecraft:iron_leggings":5,"minecraft:shroomlight":3,"minecraft:cobbled_deepslate":515,"minecraft:comparator":3,"minecraft:trial_key":1,"minecraft:redstone_torch":6,"minecraft:calcite":15,"minecraft:iron_pickaxe":2,"minecraft:hopper_minecart":2,"minecraft:enchanted_golden_apple":2,"minecraft:melon_slice":54,"minecraft:iron_boots":3,"minecraft:furnace":12,"minecraft:tipped_arrow":63,"minecraft:stick":62,"minecraft:oak_fence":37,"minecraft:torch":63,"minecraft:porkchop":17,"minecraft:waxed_copper_grate":1,"minecraft:diorite":4,"minecraft:bamboo_door":15,"minecraft:light_gray_bed":1,"minecraft:rotten_flesh":110,"minecraft:glowstone":28,"minecraft:cobblestone":1194,"minecraft:birch_log":1,"minecraft:feather":158,"minecraft:cooked_beef":36,"minecraft:repeater":9,"minecraft:water_bucket":6,"minecraft:andesite":6,"minecraft:flint":5,"minecraft:tuff":78,"minecraft:light_gray_dye":14,"minecraft:lapis_lazuli":234,"minecraft:dirt":740,"minecraft:glass":1,"minecraft:bone":50,"minecraft:bow":4,"minecraft:wheat_seeds":120,"minecraft:raw_gold":56,"minecraft:glowstone_dust":491,"minecraft:bamboo":1267,"minecraft:scrape_pottery_sherd":3,"minecraft:stone_hoe":6,"minecraft:oak_planks":65,"minecraft:cooked_porkchop":7,"minecraft:dropper":5,"minecraft:bamboo_raft":6,"minecraft:sand":211,"minecraft:diamond":60,"minecraft:waxed_oxidized_copper_grate":15,"minecraft:granite":26,"minecraft:crossbow":4,"minecraft:breeze_rod":11,"minecraft:bone_meal":2,"minecraft:emerald":22,"minecraft:bread":6,"minecraft:oak_sapling":15,"minecraft:netherrack":337,"minecraft:ominous_trial_key":9,"minecraft:diamond_pickaxe":4,"minecraft:fishing_rod":1,"minecraft:crafting_table":10,"minecraft:azure_bluet":19,"minecraft:ominous_bottle":6,"minecraft:chicken":81,"minecraft:brick":42,"minecraft:shield":15,"minecraft:wind_charge":17,"minecraft:cornflower":10,"minecraft:iron_axe":1,"minecraft:white_carpet":2,"minecraft:iron_shovel":3,"minecraft:beef":26,"minecraft:poppy":4,"minecraft:minecart":1,"minecraft:guster_pottery_sherd":3,"minecraft:sugar_cane":53,"minecraft:chest":12,"minecraft:piston":4,"minecraft:waxed_oxidized_copper":6,"minecraft:egg":83,"minecraft:raw_iron":397,"minecraft:stone":23,"minecraft:redstone":312,"minecraft:stone_shovel":1,"minecraft:arrow":176,"minecraft:weeping_vines":13,"minecraft:cooked_cod":1,"minecraft:decorated_pot":1,"minecraft:tuff_bricks":63,"minecraft:mutton":16,"minecraft:rail":17,"minecraft:white_wool":73,"minecraft:oxeye_daisy":20,"minecraft:glow_ink_sac":6,"minecraft:crimson_stem":1,"minecraft:salmon":69,"minecraft:leather":13,"minecraft:oak_log":133,"minecraft:waxed_copper_block":32,"minecraft:nether_wart_block":18,"minecraft:golden_boots":2,"minecraft:gunpowder":3,"minecraft:apple":1,"minecraft:stone_bricks":13,"minecraft:iron_ingot":109,"minecraft:stone_pickaxe":2,"minecraft:cooked_chicken":14,"minecraft:glass_bottle":27,"minecraft:iron_sword":3,"minecraft:smooth_basalt":16,"minecraft:light_gray_stained_glass":79,"minecraft:bamboo_planks":98,"minecraft:stone_brick_slab":4,"minecraft:quartz":29,"minecraft:dandelion":16,"minecraft:gravel":24,"minecraft:lava_bucket":1,"minecraft:amethyst_shard":2,"minecraft:white_bed":3,"minecraft:polished_tuff":1,"minecraft:spider_eye":2,"minecraft:slime_ball":484,"minecraft:iron_helmet":6,"minecraft:baked_potato":13,"minecraft:chiseled_tuff_bricks":9,"minecraft:coal":569,"minecraft:hopper":13},"minecraft:killed":{"minecraft:witch":1,"minecraft:spider":6,"minecraft:skeleton":40,"minecraft:chicken":33,"minecraft:pig":6,"minecraft:salmon":73,"minecraft:creeper":3,"minecraft:sheep":6,"minecraft:trader_llama":2,"minecraft:zombie":82,"minecraft:cow":10,"minecraft:slime":238,"minecraft:phantom":1,"minecraft:drowned":9,"minecraft:wandering_trader":1,"minecraft:hoglin":1,"minecraft:breeze":3,"minecraft:enderman":1}},"DataVersion":3953}