{"stats":{"minecraft:broken":{"minecraft:iron_shovel":2,"minecraft:iron_chestplate":1,"minecraft:iron_leggings":1,"minecraft:stone_pickaxe":2,"minecraft:stone_axe":1,"minecraft:stone_shovel":1,"minecraft:shield":1,"minecraft:iron_axe":1,"minecraft:iron_pickaxe":4,"minecraft:iron_helmet":1},"minecraft:mined":{"minecraft:white_bed":3,"minecraft:oak_sapling":2,"minecraft:obsidian":1,"minecraft:granite":28,"minecraft:grass_block":391,"minecraft:light_gray_bed":1,"minecraft:hopper":6,"minecraft:oxeye_daisy":18,"minecraft:tuff_bricks":22,"minecraft:weeping_vines_plant":3,"minecraft:tall_seagrass":1,"minecraft:glowstone":178,"minecraft:iron_ore":146,"minecraft:cobbled_deepslate":14,"minecraft:fire":4,"minecraft:deepslate_lapis_ore":26,"minecraft:azure_bluet":19,"minecraft:deepslate_redstone_ore":36,"minecraft:crimson_nylium":6,"minecraft:powder_snow":12,"minecraft:torch":3,"minecraft:poppy":3,"minecraft:melon":5,"minecraft:chest":9,"minecraft:nether_quartz_ore":24,"minecraft:cobblestone":32,"minecraft:sugar_cane":29,"minecraft:oak_planks":33,"minecraft:wall_torch":5,"minecraft:seagrass":1,"minecraft:repeater":7,"minecraft:bamboo_planks":7,"minecraft:nether_wart_block":11,"minecraft:light_gray_stained_glass":5,"minecraft:wheat":15,"minecraft:waxed_copper_block":2,"minecraft:oak_log":111,"minecraft:waxed_oxidized_copper":1,"minecraft:sand":214,"minecraft:dirt":281,"minecraft:netherrack":288,"minecraft:piston":3,"minecraft:oak_leaves":50,"minecraft:deepslate":483,"minecraft:nether_gold_ore":2,"minecraft:tuff":68,"minecraft:deepslate_diamond_ore":24,"minecraft:bamboo_door":15,"minecraft:glow_lichen":2,"minecraft:decorated_pot":6,"minecraft:crimson_roots":1,"minecraft:redstone_wire":5,"minecraft:crimson_stem":1,"minecraft:redstone_ore":32,"minecraft:furnace":6,"minecraft:andesite":16,"minecraft:deepslate_iron_ore":130,"minecraft:shroomlight":2,"minecraft:bamboo":131,"minecraft:stone":913,"minecraft:comparator":3,"minecraft:lily_of_the_valley":1,"minecraft:stone_brick_slab":2,"minecraft:dandelion":7,"minecraft:oak_fence":33,"minecraft:crafting_table":8,"minecraft:cornflower":2,"minecraft:short_grass":493,"minecraft:dropper":4,"minecraft:tall_grass":100,"minecraft:copper_ore":3,"minecraft:deepslate_coal_ore":8,"minecraft:lapis_ore":10,"minecraft:deepslate_gold_ore":48,"minecraft:diorite":2,"minecraft:coal_ore":269,"minecraft:gravel":17,"minecraft:cobweb":10,"minecraft:stone_bricks":12,"minecraft:fern":1},"minecraft:killed_by":{"minecraft:creeper":1,"minecraft:zombie":2,"minecraft:player":1,"minecraft:enderman":1,"minecraft:slime":1,"minecraft:skeleton":2},"minecraft:custom":{"minecraft:animals_bred":34,"minecraft:interact_with_crafting_table":132,"minecraft:open_barrel":5,"minecraft:leave_game":8,"minecraft:time_since_death":7531,"minecraft:sprint_one_cm":1387933,"minecraft:damage_blocked_by_shield":9122,"minecraft:drop":160,"minecraft:talked_to_villager":6,"minecraft:play_time":742406,"minecraft:deaths":9,"minecraft:jump":14601,"minecraft:interact_with_brewingstand":1,"minecraft:walk_on_water_one_cm":354088,"minecraft:enchant_item":1,"minecraft:interact_with_furnace":201,"minecraft:sleep_in_bed":13,"minecraft:open_enderchest":2,"minecraft:damage_dealt":33101,"minecraft:crouch_one_cm":71410,"minecraft:interact_with_smoker":1,"minecraft:use_cauldron":1,"minecraft:inspect_dispenser":3,"minecraft:inspect_dropper":5,"minecraft:mob_kills":501,"minecraft:inspect_hopper":23,"minecraft:climb_one_cm":75528,"minecraft:walk_one_cm":1804954,"minecraft:sneak_time":32447,"minecraft:walk_under_water_one_cm":197497,"minecraft:boat_one_cm":37997,"minecraft:total_world_time":742406,"minecraft:time_since_rest":7596,"minecraft:damage_taken":12653,"minecraft:swim_one_cm":620379,"minecraft:fly_one_cm":2143847,"minecraft:open_chest":287,"minecraft:fall_one_cm":324437},"minecraft:used":{"minecraft:tuff_bricks":14,"minecraft:iron_shovel":537,"minecraft:dispenser":1,"minecraft:ladder":2,"minecraft:chest":16,"minecraft:shield":320,"minecraft:stone":15,"minecraft:iron_sword":268,"minecraft:rotten_flesh":19,"minecraft:waxed_copper_grate":1,"minecraft:lava_bucket":3,"minecraft:hopper_minecart":2,"minecraft:stone_bricks":63,"minecraft:repeater":11,"minecraft:oak_sapling":8,"minecraft:furnace":8,"minecraft:cooked_cod":7,"minecraft:egg":14,"minecraft:diorite":1,"minecraft:dropper":6,"minecraft:stone_pickaxe":338,"minecraft:oak_planks":50,"minecraft:wooden_pickaxe":16,"minecraft:sugar_cane":30,"minecraft:sand":20,"minecraft:crossbow":12,"minecraft:redstone_torch":1,"minecraft:melon_slice":23,"minecraft:bread":9,"minecraft:gravel":4,"minecraft:diamond_sword":822,"minecraft:birch_log":1,"minecraft:oak_boat":1,"minecraft:bone_meal":43,"minecraft:oak_fence":36,"minecraft:flint_and_steel":1,"minecraft:stone_shovel":190,"minecraft:redstone":23,"minecraft:bamboo_door":19,"minecraft:cooked_salmon":46,"minecraft:trial_key":1,"minecraft:stone_hoe":10,"minecraft:cooked_chicken":29,"minecraft:netherrack":244,"minecraft:torch":124,"minecraft:dirt":455,"minecraft:white_carpet":1,"minecraft:hopper":18,"minecraft:granite":6,"minecraft:shroomlight":1,"minecraft:stone_brick_slab":7,"minecraft:bamboo_raft":1,"minecraft:light_gray_stained_glass":155,"minecraft:iron_axe":308,"minecraft:bamboo":24,"minecraft:glowstone":43,"minecraft:cooked_beef":43,"minecraft:cobbled_deepslate":251,"minecraft:light_gray_bed":1,"minecraft:enchanted_golden_apple":1,"minecraft:bamboo_planks":44,"minecraft:wheat_seeds":12,"minecraft:water_bucket":79,"minecraft:baked_potato":4,"minecraft:rail":2,"minecraft:comparator":5,"minecraft:crafting_table":15,"minecraft:white_bed":4,"minecraft:oak_log":3,"minecraft:piston":22,"minecraft:diamond_pickaxe":1568,"minecraft:apple":1,"minecraft:oxeye_daisy":1,"minecraft:ominous_trial_key":3,"minecraft:iron_pickaxe":1004,"minecraft:stone_axe":100,"minecraft:cobblestone":122,"minecraft:cooked_porkchop":18,"minecraft:bucket":82},"minecraft:crafted":{"minecraft:oak_planks":428,"minecraft:cooked_chicken":31,"minecraft:stone":64,"minecraft:bamboo_door":9,"minecraft:bamboo_block":132,"minecraft:glass":206,"minecraft:hopper":18,"minecraft:stone_brick_slab":6,"minecraft:repeater":8,"minecraft:bow":2,"minecraft:iron_boots":1,"minecraft:comparator":4,"minecraft:chest":26,"minecraft:rail":16,"minecraft:stone_hoe":1,"minecraft:stone_bricks":68,"minecraft:oak_fence":48,"minecraft:golden_boots":1,"minecraft:bamboo_raft":1,"minecraft:dropper":4,"minecraft:cooked_porkchop":17,"minecraft:crafting_table":6,"minecraft:wooden_pickaxe":1,"minecraft:iron_helmet":1,"minecraft:hopper_minecart":1,"minecraft:oak_wood":3,"minecraft:dispenser":2,"minecraft:bamboo_planks":230,"minecraft:iron_chestplate":1,"minecraft:diamond_pickaxe":2,"minecraft:shield":2,"minecraft:stick":172,"minecraft:iron_ingot":258,"minecraft:iron_pickaxe":4,"minecraft:gold_ingot":35,"minecraft:light_gray_dye":34,"minecraft:redstone_torch":29,"minecraft:stone_shovel":2,"minecraft:light_gray_stained_glass":240,"minecraft:furnace":3,"minecraft:piston":24,"minecraft:bone_meal":42,"minecraft:white_carpet":3,"minecraft:flint_and_steel":1,"minecraft:iron_axe":2,"minecraft:ladder":15,"minecraft:stone_pickaxe":2,"minecraft:lead":2,"minecraft:observer":11,"minecraft:cooked_beef":26,"minecraft:cooked_cod":6,"minecraft:crimson_planks":4,"minecraft:diamond_sword":1,"minecraft:iron_sword":2,"minecraft:cooked_salmon":46,"minecraft:bucket":1,"minecraft:stone_axe":1,"minecraft:glowstone":116,"minecraft:bread":2,"minecraft:air":0,"minecraft:oak_boat":1,"minecraft:white_wool":64,"minecraft:iron_shovel":3,"minecraft:iron_leggings":1,"minecraft:white_bed":1,"minecraft:torch":116},"minecraft:dropped":{"minecraft:iron_sword":1,"minecraft:piston":5,"minecraft:cooked_beef":1,"minecraft:baked_potato":1,"minecraft:glass_bottle":27,"minecraft:cooked_porkchop":8,"minecraft:weeping_vines":5,"minecraft:leather":5,"minecraft:dirt":239,"minecraft:dispenser":1,"minecraft:cornflower":3,"minecraft:sand":1,"minecraft:fishing_rod":1,"minecraft:bone":5,"minecraft:gravel":19,"minecraft:rotten_flesh":15,"minecraft:oak_planks":16,"minecraft:glowstone_dust":1,"minecraft:cooked_mutton":8,"minecraft:gunpowder":2,"minecraft:hopper":7,"minecraft:ladder":12,"minecraft:arrow":1,"minecraft:egg":4,"minecraft:stone_hoe":1,"minecraft:wheat_seeds":14,"minecraft:feather":17,"minecraft:cobblestone":33,"minecraft:observer":8,"minecraft:polished_tuff":1,"minecraft:granite":16,"minecraft:ominous_trial_key":2,"minecraft:cooked_salmon":3,"minecraft:waxed_oxidized_copper":2,"minecraft:light_gray_stained_glass":79,"minecraft:string":20,"minecraft:stone_brick_slab":4,"minecraft:redstone":1,"minecraft:bamboo_planks":3,"minecraft:tuff":27,"minecraft:shield":1,"minecraft:diamond_pickaxe":1,"minecraft:andesite":3,"minecraft:oak_sapling":3,"minecraft:spider_eye":2,"minecraft:slime_ball":7,"minecraft:brick":4},"minecraft:picked_up":{"minecraft:iron_chestplate":7,"minecraft:wheat":14,"minecraft:lead":10,"minecraft:diamond_sword":7,"minecraft:potion":8,"minecraft:amethyst_block":8,"minecraft:string":40,"minecraft:raw_copper":21,"minecraft:cooked_salmon":28,"minecraft:iron_leggings":3,"minecraft:shroomlight":3,"minecraft:cobbled_deepslate":515,"minecraft:comparator":3,"minecraft:trial_key":1,"minecraft:calcite":5,"minecraft:hopper_minecart":2,"minecraft:enchanted_golden_apple":2,"minecraft:melon_slice":54,"minecraft:iron_boots":1,"minecraft:furnace":5,"minecraft:tipped_arrow":63,"minecraft:stick":52,"minecraft:oak_fence":37,"minecraft:torch":63,"minecraft:porkchop":17,"minecraft:waxed_copper_grate":1,"minecraft:diorite":2,"minecraft:bamboo_door":15,"minecraft:light_gray_bed":1,"minecraft:rotten_flesh":79,"minecraft:glowstone":28,"minecraft:cobblestone":1124,"minecraft:birch_log":1,"minecraft:feather":88,"minecraft:cooked_beef":36,"minecraft:repeater":7,"minecraft:water_bucket":6,"minecraft:andesite":6,"minecraft:flint":5,"minecraft:tuff":78,"minecraft:light_gray_dye":14,"minecraft:lapis_lazuli":234,"minecraft:dirt":740,"minecraft:glass":1,"minecraft:bone":47,"minecraft:bow":4,"minecraft:wheat_seeds":117,"minecraft:raw_gold":48,"minecraft:glowstone_dust":491,"minecraft:bamboo":1260,"minecraft:scrape_pottery_sherd":3,"minecraft:stone_hoe":6,"minecraft:oak_planks":47,"minecraft:cooked_porkchop":7,"minecraft:dropper":3,"minecraft:bamboo_raft":6,"minecraft:sand":211,"minecraft:diamond":60,"minecraft:waxed_oxidized_copper_grate":15,"minecraft:granite":26,"minecraft:crossbow":4,"minecraft:breeze_rod":11,"minecraft:bone_meal":2,"minecraft:emerald":22,"minecraft:bread":6,"minecraft:oak_sapling":12,"minecraft:netherrack":337,"minecraft:ominous_trial_key":9,"minecraft:diamond_pickaxe":4,"minecraft:fishing_rod":1,"minecraft:crafting_table":10,"minecraft:azure_bluet":19,"minecraft:ominous_bottle":6,"minecraft:chicken":30,"minecraft:brick":42,"minecraft:shield":13,"minecraft:wind_charge":17,"minecraft:cornflower":10,"minecraft:iron_axe":1,"minecraft:white_carpet":2,"minecraft:iron_shovel":1,"minecraft:beef":26,"minecraft:poppy":4,"minecraft:minecart":1,"minecraft:guster_pottery_sherd":3,"minecraft:sugar_cane":53,"minecraft:chest":10,"minecraft:piston":4,"minecraft:waxed_oxidized_copper":6,"minecraft:egg":81,"minecraft:raw_iron":327,"minecraft:stone":23,"minecraft:redstone":308,"minecraft:stone_shovel":1,"minecraft:arrow":170,"minecraft:weeping_vines":13,"minecraft:cooked_cod":1,"minecraft:decorated_pot":1,"minecraft:tuff_bricks":63,"minecraft:mutton":6,"minecraft:rail":17,"minecraft:white_wool":65,"minecraft:oxeye_daisy":20,"minecraft:glow_ink_sac":6,"minecraft:crimson_stem":1,"minecraft:salmon":69,"minecraft:leather":13,"minecraft:oak_log":111,"minecraft:waxed_copper_block":32,"minecraft:nether_wart_block":18,"minecraft:golden_boots":2,"minecraft:gunpowder":3,"minecraft:apple":1,"minecraft:stone_bricks":13,"minecraft:iron_ingot":28,"minecraft:stone_pickaxe":2,"minecraft:cooked_chicken":3,"minecraft:glass_bottle":27,"minecraft:iron_sword":1,"minecraft:light_gray_stained_glass":79,"minecraft:bamboo_planks":98,"minecraft:stone_brick_slab":4,"minecraft:quartz":29,"minecraft:dandelion":16,"minecraft:gravel":24,"minecraft:lava_bucket":1,"minecraft:amethyst_shard":2,"minecraft:white_bed":3,"minecraft:polished_tuff":1,"minecraft:spider_eye":2,"minecraft:slime_ball":484,"minecraft:iron_helmet":4,"minecraft:baked_potato":13,"minecraft:chiseled_tuff_bricks":9,"minecraft:coal":305,"minecraft:hopper":10},"minecraft:killed":{"minecraft:witch":1,"minecraft:spider":6,"minecraft:skeleton":36,"minecraft:chicken":31,"minecraft:pig":6,"minecraft:salmon":71,"minecraft:creeper":3,"minecraft:sheep":2,"minecraft:trader_llama":2,"minecraft:zombie":64,"minecraft:cow":10,"minecraft:slime":238,"minecraft:phantom":1,"minecraft:drowned":8,"minecraft:wandering_trader":1,"minecraft:hoglin":1,"minecraft:breeze":3,"minecraft:enderman":1}},"DataVersion":3953}