{"stats":{"minecraft:broken":{"minecraft:iron_shovel":3,"minecraft:iron_chestplate":1,"minecraft:iron_leggings":1,"minecraft:stone_pickaxe":2,"minecraft:stone_axe":1,"minecraft:stone_shovel":2,"minecraft:shield":1,"minecraft:iron_axe":1,"minecraft:iron_pickaxe":5,"minecraft:iron_helmet":1},"minecraft:mined":{"minecraft:white_bed":3,"minecraft:oak_sapling":2,"minecraft:obsidian":1,"minecraft:budding_amethyst":1,"minecraft:granite":31,"minecraft:grass_block":396,"minecraft:light_gray_bed":1,"minecraft:hopper":12,"minecraft:oxeye_daisy":30,"minecraft:tuff_bricks":22,"minecraft:weeping_vines_plant":3,"minecraft:tall_seagrass":1,"minecraft:glowstone":178,"minecraft:iron_ore":185,"minecraft:cobbled_deepslate":14,"minecraft:fire":7,"minecraft:deepslate_lapis_ore":26,"minecraft:azure_bluet":32,"minecraft:deepslate_redstone_ore":36,"minecraft:crimson_nylium":6,"minecraft:powder_snow":12,"minecraft:torch":3,"minecraft:calcite":5,"minecraft:poppy":3,"minecraft:melon":5,"minecraft:chest":12,"minecraft:glass":1,"minecraft:nether_quartz_ore":24,"minecraft:cobblestone":60,"minecraft:sugar_cane":29,"minecraft:oak_planks":43,"minecraft:wall_torch":5,"minecraft:amethyst_block":8,"minecraft:seagrass":1,"minecraft:repeater":9,"minecraft:bamboo_planks":7,"minecraft:nether_wart_block":11,"minecraft:light_gray_stained_glass":6,"minecraft:wheat":15,"minecraft:waxed_copper_block":2,"minecraft:oak_log":234,"minecraft:waxed_oxidized_copper":1,"minecraft:sand":467,"minecraft:dirt":296,"minecraft:smooth_basalt":5,"minecraft:netherrack":288,"minecraft:piston":3,"minecraft:oak_leaves":67,"minecraft:deepslate":483,"minecraft:nether_gold_ore":2,"minecraft:tuff":68,"minecraft:deepslate_diamond_ore":24,"minecraft:oak_door":1,"minecraft:bamboo_door":15,"minecraft:glow_lichen":2,"minecraft:spruce_fence":2,"minecraft:decorated_pot":6,"minecraft:crimson_roots":1,"minecraft:redstone_wire":9,"minecraft:crimson_stem":1,"minecraft:redstone_ore":32,"minecraft:furnace":13,"minecraft:andesite":16,"minecraft:cobblestone_slab":3,"minecraft:deepslate_iron_ore":130,"minecraft:shroomlight":2,"minecraft:bamboo":168,"minecraft:stone":982,"minecraft:redstone_wall_torch":3,"minecraft:redstone_block":2,"minecraft:comparator":3,"minecraft:lily_of_the_valley":1,"minecraft:stone_brick_slab":2,"minecraft:dandelion":7,"minecraft:oak_fence":33,"minecraft:crafting_table":8,"minecraft:cornflower":2,"minecraft:short_grass":506,"minecraft:dropper":6,"minecraft:tall_grass":100,"minecraft:copper_ore":10,"minecraft:deepslate_coal_ore":8,"minecraft:lapis_ore":10,"minecraft:deepslate_gold_ore":48,"minecraft:diorite":3,"minecraft:redstone_torch":6,"minecraft:coal_ore":424,"minecraft:gravel":17,"minecraft:cobweb":10,"minecraft:stone_bricks":17,"minecraft:gold_ore":4,"minecraft:fern":1},"minecraft:killed_by":{"minecraft:creeper":2,"minecraft:drowned":2,"minecraft:zombie":4,"minecraft:player":1,"minecraft:enderman":1,"minecraft:slime":1,"minecraft:skeleton":3},"minecraft:custom":{"minecraft:animals_bred":35,"minecraft:interact_with_crafting_table":171,"minecraft:open_barrel":9,"minecraft:leave_game":8,"minecraft:time_since_death":122602,"minecraft:sprint_one_cm":1698261,"minecraft:damage_blocked_by_shield":11061,"minecraft:drop":208,"minecraft:talked_to_villager":6,"minecraft:play_time":946406,"minecraft:deaths":15,"minecraft:jump":17960,"minecraft:interact_with_brewingstand":1,"minecraft:walk_on_water_one_cm":408938,"minecraft:enchant_item":1,"minecraft:interact_with_furnace":335,"minecraft:sleep_in_bed":14,"minecraft:open_enderchest":2,"minecraft:damage_dealt":39724,"minecraft:crouch_one_cm":90722,"minecraft:interact_with_smoker":1,"minecraft:use_cauldron":1,"minecraft:inspect_dispenser":3,"minecraft:inspect_dropper":24,"minecraft:mob_kills":540,"minecraft:inspect_hopper":61,"minecraft:climb_one_cm":79409,"minecraft:walk_one_cm":2240546,"minecraft:sneak_time":40465,"minecraft:walk_under_water_one_cm":232935,"minecraft:boat_one_cm":37997,"minecraft:total_world_time":946406,"minecraft:time_since_rest":80311,"minecraft:damage_taken":15842,"minecraft:swim_one_cm":759379,"minecraft:fly_one_cm":2696711,"minecraft:open_chest":409,"minecraft:fall_one_cm":397897},"minecraft:used":{"minecraft:tuff_bricks":14,"minecraft:iron_shovel":566,"minecraft:dispenser":1,"minecraft:ladder":2,"minecraft:chest":20,"minecraft:shield":364,"minecraft:stone":27,"minecraft:iron_sword":440,"minecraft:rotten_flesh":19,"minecraft:waxed_copper_grate":1,"minecraft:glass":79,"minecraft:lava_bucket":3,"minecraft:hopper_minecart":2,"minecraft:stone_bricks":109,"minecraft:repeater":13,"minecraft:oak_sapling":8,"minecraft:furnace":15,"minecraft:cooked_cod":7,"minecraft:egg":14,"minecraft:diorite":1,"minecraft:dropper":8,"minecraft:stone_pickaxe":338,"minecraft:oak_planks":119,"minecraft:wooden_pickaxe":16,"minecraft:redstone_block":2,"minecraft:sugar_cane":30,"minecraft:sand":20,"minecraft:crossbow":14,"minecraft:redstone_torch":10,"minecraft:melon_slice":23,"minecraft:bread":9,"minecraft:gravel":4,"minecraft:diamond_sword":822,"minecraft:birch_log":1,"minecraft:oak_boat":1,"minecraft:bone_meal":43,"minecraft:oak_fence":36,"minecraft:flint_and_steel":1,"minecraft:stone_shovel":428,"minecraft:redstone":27,"minecraft:bamboo_door":21,"minecraft:cooked_salmon":46,"minecraft:trial_key":1,"minecraft:stone_hoe":10,"minecraft:cooked_chicken":61,"minecraft:netherrack":244,"minecraft:oak_door":3,"minecraft:torch":142,"minecraft:dirt":697,"minecraft:white_carpet":1,"minecraft:hopper":39,"minecraft:spruce_fence":2,"minecraft:granite":6,"minecraft:shroomlight":1,"minecraft:stone_brick_slab":7,"minecraft:bamboo_raft":1,"minecraft:light_gray_stained_glass":300,"minecraft:iron_axe":450,"minecraft:bamboo":24,"minecraft:glowstone":43,"minecraft:cooked_beef":43,"minecraft:cobbled_deepslate":251,"minecraft:light_gray_bed":1,"minecraft:enchanted_golden_apple":1,"minecraft:bamboo_planks":44,"minecraft:wheat_seeds":12,"minecraft:cooked_mutton":5,"minecraft:water_bucket":79,"minecraft:amethyst_block":2,"minecraft:baked_potato":4,"minecraft:cobblestone_slab":94,"minecraft:rail":2,"minecraft:comparator":5,"minecraft:crafting_table":16,"minecraft:white_bed":4,"minecraft:oak_log":3,"minecraft:piston":22,"minecraft:diamond_pickaxe":1568,"minecraft:apple":1,"minecraft:oxeye_daisy":1,"minecraft:ominous_trial_key":3,"minecraft:iron_pickaxe":1357,"minecraft:stone_axe":100,"minecraft:cobblestone":320,"minecraft:cooked_porkchop":18,"minecraft:bucket":82},"minecraft:crafted":{"minecraft:oak_planks":920,"minecraft:cobblestone_slab":24,"minecraft:cooked_chicken":69,"minecraft:lightning_rod":1,"minecraft:stone":128,"minecraft:bamboo_door":9,"minecraft:cooked_mutton":5,"minecraft:bamboo_block":169,"minecraft:glass":462,"minecraft:hopper":31,"minecraft:stone_brick_slab":6,"minecraft:repeater":9,"minecraft:bow":2,"minecraft:iron_boots":2,"minecraft:comparator":4,"minecraft:chest":40,"minecraft:rail":16,"minecraft:stone_hoe":1,"minecraft:stone_bricks":116,"minecraft:oak_fence":48,"minecraft:golden_boots":1,"minecraft:bamboo_raft":1,"minecraft:dropper":5,"minecraft:cooked_porkchop":17,"minecraft:crafting_table":8,"minecraft:wooden_pickaxe":1,"minecraft:iron_helmet":2,"minecraft:copper_ingot":19,"minecraft:hopper_minecart":1,"minecraft:oak_wood":3,"minecraft:dispenser":2,"minecraft:bamboo_planks":304,"minecraft:iron_chestplate":2,"minecraft:diamond_pickaxe":2,"minecraft:shield":4,"minecraft:stick":212,"minecraft:iron_ingot":306,"minecraft:iron_pickaxe":6,"minecraft:gold_ingot":35,"minecraft:light_gray_dye":58,"minecraft:redstone_torch":32,"minecraft:oak_door":3,"minecraft:stone_shovel":4,"minecraft:light_gray_stained_glass":408,"minecraft:furnace":5,"minecraft:piston":24,"minecraft:bone_meal":45,"minecraft:white_carpet":3,"minecraft:flint_and_steel":1,"minecraft:iron_axe":3,"minecraft:ladder":15,"minecraft:stone_pickaxe":2,"minecraft:redstone_block":1,"minecraft:lead":2,"minecraft:observer":11,"minecraft:cooked_beef":26,"minecraft:cooked_cod":6,"minecraft:crimson_planks":4,"minecraft:diamond_sword":1,"minecraft:iron_sword":3,"minecraft:cooked_salmon":46,"minecraft:bucket":1,"minecraft:stone_axe":1,"minecraft:glowstone":116,"minecraft:bread":2,"minecraft:air":0,"minecraft:oak_boat":1,"minecraft:white_wool":64,"minecraft:iron_shovel":3,"minecraft:iron_leggings":4,"minecraft:white_bed":1,"minecraft:torch":164},"minecraft:dropped":{"minecraft:iron_sword":1,"minecraft:piston":5,"minecraft:cooked_beef":1,"minecraft:baked_potato":1,"minecraft:glass_bottle":27,"minecraft:cooked_porkchop":8,"minecraft:weeping_vines":5,"minecraft:leather":5,"minecraft:dirt":239,"minecraft:dispenser":1,"minecraft:cornflower":3,"minecraft:sand":1,"minecraft:fishing_rod":1,"minecraft:bone":5,"minecraft:gravel":19,"minecraft:cooked_chicken":104,"minecraft:rotten_flesh":33,"minecraft:oak_planks":16,"minecraft:glowstone_dust":1,"minecraft:cooked_mutton":8,"minecraft:gunpowder":2,"minecraft:hopper":7,"minecraft:ladder":12,"minecraft:arrow":1,"minecraft:egg":4,"minecraft:stone_hoe":1,"minecraft:wheat_seeds":14,"minecraft:feather":17,"minecraft:cobblestone":33,"minecraft:observer":8,"minecraft:polished_tuff":1,"minecraft:granite":19,"minecraft:ominous_trial_key":2,"minecraft:stick":11,"minecraft:diorite":1,"minecraft:torch":24,"minecraft:cooked_salmon":3,"minecraft:waxed_oxidized_copper":2,"minecraft:light_gray_stained_glass":79,"minecraft:iron_leggings":1,"minecraft:string":20,"minecraft:stone_brick_slab":4,"minecraft:redstone":1,"minecraft:bamboo_planks":3,"minecraft:tuff":27,"minecraft:chicken":75,"minecraft:shield":2,"minecraft:diamond_pickaxe":1,"minecraft:andesite":3,"minecraft:oak_sapling":3,"minecraft:spider_eye":2,"minecraft:bamboo":2,"minecraft:slime_ball":7,"minecraft:calcite":5,"minecraft:brick":4},"minecraft:picked_up":{"minecraft:iron_chestplate":10,"minecraft:wheat":14,"minecraft:redstone_block":3,"minecraft:lead":10,"minecraft:diamond_sword":7,"minecraft:potion":8,"minecraft:amethyst_block":28,"minecraft:string":40,"minecraft:raw_copper":59,"minecraft:cooked_salmon":28,"minecraft:iron_leggings":6,"minecraft:shroomlight":3,"minecraft:cobbled_deepslate":515,"minecraft:comparator":3,"minecraft:trial_key":1,"minecraft:redstone_torch":9,"minecraft:cobblestone_slab":70,"minecraft:calcite":20,"minecraft:iron_pickaxe":3,"minecraft:hopper_minecart":2,"minecraft:enchanted_golden_apple":2,"minecraft:melon_slice":54,"minecraft:iron_boots":4,"minecraft:furnace":15,"minecraft:tipped_arrow":63,"minecraft:stick":66,"minecraft:oak_fence":37,"minecraft:torch":63,"minecraft:porkchop":19,"minecraft:waxed_copper_grate":1,"minecraft:diorite":5,"minecraft:bamboo_door":15,"minecraft:light_gray_bed":1,"minecraft:rotten_flesh":128,"minecraft:glowstone":28,"minecraft:cobblestone":1310,"minecraft:birch_log":1,"minecraft:feather":259,"minecraft:cooked_beef":36,"minecraft:repeater":10,"minecraft:water_bucket":6,"minecraft:andesite":6,"minecraft:flint":5,"minecraft:tuff":78,"minecraft:light_gray_dye":14,"minecraft:lapis_lazuli":234,"minecraft:dirt":762,"minecraft:glass":1,"minecraft:bone":54,"minecraft:bow":4,"minecraft:wheat_seeds":122,"minecraft:raw_gold":60,"minecraft:glowstone_dust":491,"minecraft:bamboo":1752,"minecraft:scrape_pottery_sherd":3,"minecraft:stone_hoe":6,"minecraft:oak_planks":75,"minecraft:cooked_porkchop":7,"minecraft:dropper":6,"minecraft:bamboo_raft":6,"minecraft:sand":468,"minecraft:diamond":60,"minecraft:waxed_oxidized_copper_grate":15,"minecraft:granite":29,"minecraft:crossbow":4,"minecraft:breeze_rod":11,"minecraft:bone_meal":2,"minecraft:emerald":22,"minecraft:bread":6,"minecraft:oak_sapling":16,"minecraft:netherrack":337,"minecraft:ominous_trial_key":9,"minecraft:diamond_pickaxe":4,"minecraft:fishing_rod":1,"minecraft:crafting_table":10,"minecraft:azure_bluet":31,"minecraft:ominous_bottle":6,"minecraft:chicken":124,"minecraft:wooden_pickaxe":1,"minecraft:brick":42,"minecraft:shield":16,"minecraft:wind_charge":17,"minecraft:cornflower":10,"minecraft:iron_axe":1,"minecraft:white_carpet":2,"minecraft:iron_shovel":4,"minecraft:beef":26,"minecraft:poppy":4,"minecraft:minecart":1,"minecraft:guster_pottery_sherd":3,"minecraft:sugar_cane":53,"minecraft:chest":16,"minecraft:piston":4,"minecraft:waxed_oxidized_copper":6,"minecraft:egg":85,"minecraft:raw_iron":397,"minecraft:stone":75,"minecraft:oak_door":1,"minecraft:copper_ingot":19,"minecraft:spruce_fence":2,"minecraft:redstone":319,"minecraft:stone_shovel":1,"minecraft:arrow":181,"minecraft:weeping_vines":13,"minecraft:cooked_cod":1,"minecraft:decorated_pot":1,"minecraft:tuff_bricks":63,"minecraft:mutton":16,"minecraft:rail":17,"minecraft:white_wool":77,"minecraft:oxeye_daisy":32,"minecraft:glow_ink_sac":6,"minecraft:crimson_stem":1,"minecraft:salmon":69,"minecraft:leather":13,"minecraft:oak_log":234,"minecraft:waxed_copper_block":32,"minecraft:nether_wart_block":18,"minecraft:golden_boots":2,"minecraft:gunpowder":4,"minecraft:apple":1,"minecraft:stone_bricks":18,"minecraft:iron_ingot":154,"minecraft:stone_pickaxe":2,"minecraft:cooked_chicken":137,"minecraft:glass_bottle":27,"minecraft:iron_sword":4,"minecraft:smooth_basalt":24,"minecraft:light_gray_stained_glass":79,"minecraft:bamboo_planks":98,"minecraft:stone_brick_slab":4,"minecraft:quartz":29,"minecraft:dandelion":16,"minecraft:gravel":24,"minecraft:lava_bucket":1,"minecraft:amethyst_shard":2,"minecraft:white_bed":3,"minecraft:polished_tuff":1,"minecraft:spider_eye":2,"minecraft:slime_ball":484,"minecraft:iron_helmet":7,"minecraft:baked_potato":13,"minecraft:chiseled_tuff_bricks":9,"minecraft:coal":569,"minecraft:hopper":17},"minecraft:killed":{"minecraft:witch":1,"minecraft:spider":6,"minecraft:skeleton":41,"minecraft:chicken":33,"minecraft:pig":7,"minecraft:salmon":73,"minecraft:creeper":4,"minecraft:sheep":6,"minecraft:trader_llama":2,"minecraft:zombie":85,"minecraft:cow":10,"minecraft:slime":238,"minecraft:phantom":1,"minecraft:drowned":10,"minecraft:wandering_trader":1,"minecraft:hoglin":1,"minecraft:breeze":3,"minecraft:enderman":1}},"DataVersion":3953}