{"stats":{"minecraft:broken":{"minecraft:iron_shovel":2,"minecraft:iron_chestplate":1,"minecraft:iron_leggings":1,"minecraft:stone_pickaxe":2,"minecraft:iron_axe":1,"minecraft:stone_axe":1,"minecraft:iron_pickaxe":4,"minecraft:iron_helmet":1,"minecraft:stone_shovel":1},"minecraft:crafted":{"minecraft:oak_planks":380,"minecraft:stone_shovel":2,"minecraft:light_gray_stained_glass":168,"minecraft:cooked_chicken":17,"minecraft:furnace":3,"minecraft:piston":24,"minecraft:stone":64,"minecraft:bone_meal":42,"minecraft:flint_and_steel":1,"minecraft:bamboo_block":18,"minecraft:glass":146,"minecraft:hopper":7,"minecraft:iron_boots":1,"minecraft:iron_axe":1,"minecraft:ladder":12,"minecraft:stone_pickaxe":2,"minecraft:chest":12,"minecraft:stone_hoe":1,"minecraft:stone_bricks":64,"minecraft:oak_fence":48,"minecraft:lead":2,"minecraft:golden_boots":1,"minecraft:observer":11,"minecraft:bamboo_raft":1,"minecraft:cooked_beef":26,"minecraft:cooked_cod":3,"minecraft:diamond_sword":1,"minecraft:cooked_porkchop":15,"minecraft:crafting_table":4,"minecraft:wooden_pickaxe":1,"minecraft:iron_helmet":1,"minecraft:iron_sword":2,"minecraft:bucket":1,"minecraft:oak_wood":3,"minecraft:stone_axe":1,"minecraft:glowstone":42,"minecraft:bread":2,"minecraft:air":0,"minecraft:oak_boat":1,"minecraft:bamboo_planks":36,"minecraft:iron_chestplate":1,"minecraft:diamond_pickaxe":1,"minecraft:shield":2,"minecraft:stick":112,"minecraft:iron_ingot":106,"minecraft:iron_pickaxe":4,"minecraft:iron_shovel":2,"minecraft:gold_ingot":16,"minecraft:iron_leggings":1,"minecraft:light_gray_dye":21,"minecraft:white_bed":1,"minecraft:torch":80},"minecraft:mined":{"minecraft:nether_gold_ore":2,"minecraft:tuff":64,"minecraft:white_bed":1,"minecraft:deepslate_diamond_ore":23,"minecraft:obsidian":1,"minecraft:granite":9,"minecraft:grass_block":359,"minecraft:decorated_pot":6,"minecraft:crimson_roots":1,"minecraft:oxeye_daisy":10,"minecraft:hopper":4,"minecraft:tuff_bricks":22,"minecraft:weeping_vines_plant":1,"minecraft:redstone_ore":12,"minecraft:glowstone":73,"minecraft:furnace":6,"minecraft:iron_ore":50,"minecraft:fire":4,"minecraft:cobbled_deepslate":7,"minecraft:andesite":12,"minecraft:deepslate_lapis_ore":12,"minecraft:azure_bluet":14,"minecraft:deepslate_iron_ore":64,"minecraft:bamboo":30,"minecraft:stone":554,"minecraft:deepslate_redstone_ore":21,"minecraft:lily_of_the_valley":1,"minecraft:crimson_nylium":2,"minecraft:dandelion":6,"minecraft:powder_snow":12,"minecraft:oak_fence":3,"minecraft:cornflower":1,"minecraft:crafting_table":8,"minecraft:torch":3,"minecraft:short_grass":141,"minecraft:poppy":3,"minecraft:melon":5,"minecraft:chest":2,"minecraft:nether_quartz_ore":17,"minecraft:copper_ore":3,"minecraft:tall_grass":17,"minecraft:cobblestone":16,"minecraft:oak_planks":33,"minecraft:deepslate_gold_ore":29,"minecraft:lapis_ore":6,"minecraft:sugar_cane":21,"minecraft:wall_torch":5,"minecraft:bamboo_planks":1,"minecraft:nether_wart_block":7,"minecraft:light_gray_stained_glass":2,"minecraft:wheat":6,"minecraft:waxed_copper_block":2,"minecraft:coal_ore":101,"minecraft:oak_log":99,"minecraft:waxed_oxidized_copper":1,"minecraft:gravel":16,"minecraft:sand":214,"minecraft:dirt":210,"minecraft:cobweb":10,"minecraft:piston":2,"minecraft:netherrack":148,"minecraft:deepslate":390,"minecraft:oak_leaves":22,"minecraft:fern":1},"minecraft:dropped":{"minecraft:stone_hoe":1,"minecraft:iron_sword":1,"minecraft:piston":5,"minecraft:wheat_seeds":3,"minecraft:cooked_beef":1,"minecraft:baked_potato":1,"minecraft:glass_bottle":27,"minecraft:cooked_porkchop":8,"minecraft:weeping_vines":1,"minecraft:feather":14,"minecraft:cobblestone":32,"minecraft:observer":8,"minecraft:polished_tuff":1,"minecraft:leather":1,"minecraft:ominous_trial_key":2,"minecraft:dirt":175,"minecraft:waxed_oxidized_copper":2,"minecraft:sand":1,"minecraft:string":18,"minecraft:redstone":1,"minecraft:bone":2,"minecraft:bamboo_planks":3,"minecraft:gravel":17,"minecraft:tuff":22,"minecraft:rotten_flesh":14,"minecraft:oak_planks":16,"minecraft:glowstone_dust":1,"minecraft:cooked_mutton":8,"minecraft:shield":1,"minecraft:gunpowder":2,"minecraft:diamond_pickaxe":1,"minecraft:andesite":2,"minecraft:hopper":6,"minecraft:oak_sapling":3,"minecraft:ladder":12,"minecraft:spider_eye":1,"minecraft:slime_ball":7,"minecraft:brick":4,"minecraft:egg":1},"minecraft:picked_up":{"minecraft:iron_chestplate":5,"minecraft:crafting_table":9,"minecraft:wheat":6,"minecraft:azure_bluet":14,"minecraft:ominous_bottle":6,"minecraft:chicken":17,"minecraft:lead":9,"minecraft:diamond_sword":5,"minecraft:potion":8,"minecraft:brick":42,"minecraft:shield":11,"minecraft:wind_charge":17,"minecraft:cornflower":5,"minecraft:string":32,"minecraft:cooked_salmon":3,"minecraft:raw_copper":21,"minecraft:iron_leggings":3,"minecraft:cobbled_deepslate":412,"minecraft:beef":26,"minecraft:trial_key":1,"minecraft:poppy":4,"minecraft:enchanted_golden_apple":2,"minecraft:guster_pottery_sherd":3,"minecraft:melon_slice":54,"minecraft:sugar_cane":45,"minecraft:chest":2,"minecraft:piston":2,"minecraft:egg":15,"minecraft:waxed_oxidized_copper":6,"minecraft:iron_boots":1,"minecraft:furnace":5,"minecraft:tipped_arrow":63,"minecraft:raw_iron":167,"minecraft:stick":3,"minecraft:oak_fence":5,"minecraft:torch":43,"minecraft:porkchop":17,"minecraft:waxed_copper_grate":1,"minecraft:redstone":137,"minecraft:arrow":168,"minecraft:weeping_vines":1,"minecraft:stone_shovel":1,"minecraft:rotten_flesh":55,"minecraft:cooked_cod":1,"minecraft:decorated_pot":1,"minecraft:tuff_bricks":63,"minecraft:mutton":6,"minecraft:white_wool":3,"minecraft:cobblestone":701,"minecraft:oxeye_daisy":12,"minecraft:feather":21,"minecraft:cooked_beef":36,"minecraft:andesite":2,"minecraft:water_bucket":5,"minecraft:salmon":9,"minecraft:leather":9,"minecraft:flint":5,"minecraft:tuff":73,"minecraft:oak_log":99,"minecraft:waxed_copper_block":32,"minecraft:nether_wart_block":6,"minecraft:gunpowder":2,"minecraft:lapis_lazuli":114,"minecraft:dirt":552,"minecraft:bone":41,"minecraft:apple":1,"minecraft:bow":4,"minecraft:wheat_seeds":45,"minecraft:raw_gold":29,"minecraft:iron_ingot":6,"minecraft:stone_pickaxe":2,"minecraft:cooked_chicken":3,"minecraft:bamboo":185,"minecraft:glass_bottle":27,"minecraft:glowstone_dust":188,"minecraft:oak_planks":33,"minecraft:iron_sword":1,"minecraft:stone_hoe":6,"minecraft:scrape_pottery_sherd":3,"minecraft:cooked_porkchop":7,"minecraft:bamboo_planks":76,"minecraft:quartz":15,"minecraft:dandelion":16,"minecraft:gravel":22,"minecraft:sand":211,"minecraft:bamboo_raft":6,"minecraft:white_bed":1,"minecraft:spider_eye":1,"minecraft:polished_tuff":1,"minecraft:slime_ball":484,"minecraft:diamond":59,"minecraft:waxed_oxidized_copper_grate":15,"minecraft:iron_helmet":4,"minecraft:breeze_rod":11,"minecraft:crossbow":4,"minecraft:granite":6,"minecraft:emerald":22,"minecraft:bread":6,"minecraft:baked_potato":13,"minecraft:oak_sapling":4,"minecraft:netherrack":153,"minecraft:ominous_trial_key":9,"minecraft:coal":133,"minecraft:chiseled_tuff_bricks":9,"minecraft:hopper":7,"minecraft:diamond_pickaxe":2},"minecraft:killed_by":{"minecraft:player":1,"minecraft:slime":1,"minecraft:skeleton":1,"minecraft:zombie":1},"minecraft:killed":{"minecraft:witch":1,"minecraft:spider":5,"minecraft:slime":238,"minecraft:skeleton":33,"minecraft:chicken":20,"minecraft:drowned":2,"minecraft:pig":6,"minecraft:salmon":9,"minecraft:hoglin":1,"minecraft:sheep":2,"minecraft:zombie":49,"minecraft:breeze":3,"minecraft:enderman":1,"minecraft:cow":10},"minecraft:custom":{"minecraft:mob_kills":396,"minecraft:animals_bred":11,"minecraft:inspect_hopper":2,"minecraft:interact_with_crafting_table":73,"minecraft:open_barrel":5,"minecraft:time_since_death":74243,"minecraft:climb_one_cm":32019,"minecraft:sprint_one_cm":927790,"minecraft:walk_one_cm":1027373,"minecraft:damage_blocked_by_shield":7082,"minecraft:drop":98,"minecraft:play_time":411932,"minecraft:sneak_time":11997,"minecraft:deaths":5,"minecraft:walk_under_water_one_cm":65324,"minecraft:boat_one_cm":37997,"minecraft:jump":9140,"minecraft:interact_with_brewingstand":1,"minecraft:walk_on_water_one_cm":214651,"minecraft:enchant_item":1,"minecraft:total_world_time":411932,"minecraft:interact_with_furnace":112,"minecraft:sleep_in_bed":6,"minecraft:time_since_rest":60313,"minecraft:damage_taken":8146,"minecraft:damage_dealt":24851,"minecraft:swim_one_cm":189070,"minecraft:fly_one_cm":1345219,"minecraft:open_chest":107,"minecraft:crouch_one_cm":29007,"minecraft:inspect_dispenser":1,"minecraft:fall_one_cm":221779},"minecraft:used":{"minecraft:oak_fence":36,"minecraft:tuff_bricks":14,"minecraft:iron_shovel":523,"minecraft:flint_and_steel":1,"minecraft:stone_shovel":190,"minecraft:redstone":10,"minecraft:cooked_salmon":3,"minecraft:chest":6,"minecraft:shield":294,"minecraft:iron_sword":268,"minecraft:trial_key":1,"minecraft:cooked_chicken":18,"minecraft:rotten_flesh":16,"minecraft:stone_hoe":10,"minecraft:netherrack":138,"minecraft:torch":87,"minecraft:dirt":377,"minecraft:hopper":9,"minecraft:waxed_copper_grate":1,"minecraft:granite":6,"minecraft:bamboo_raft":1,"minecraft:light_gray_stained_glass":123,"minecraft:iron_axe":184,"minecraft:bamboo":8,"minecraft:glowstone":27,"minecraft:furnace":8,"minecraft:cooked_cod":4,"minecraft:egg":9,"minecraft:enchanted_golden_apple":1,"minecraft:cooked_beef":43,"minecraft:cobbled_deepslate":148,"minecraft:bamboo_planks":1,"minecraft:wheat_seeds":12,"minecraft:water_bucket":75,"minecraft:baked_potato":4,"minecraft:stone_pickaxe":338,"minecraft:oak_planks":50,"minecraft:wooden_pickaxe":16,"minecraft:sugar_cane":30,"minecraft:sand":20,"minecraft:white_bed":2,"minecraft:crafting_table":12,"minecraft:crossbow":8,"minecraft:oak_log":3,"minecraft:piston":21,"minecraft:diamond_pickaxe":344,"minecraft:apple":1,"minecraft:oxeye_daisy":1,"minecraft:ominous_trial_key":3,"minecraft:iron_pickaxe":1004,"minecraft:melon_slice":23,"minecraft:bread":6,"minecraft:gravel":4,"minecraft:stone_axe":100,"minecraft:diamond_sword":443,"minecraft:cobblestone":32,"minecraft:cooked_porkchop":16,"minecraft:bucket":75,"minecraft:oak_boat":1,"minecraft:bone_meal":42}},"DataVersion":3953}