{"stats":{"minecraft:broken":{"minecraft:iron_shovel":2,"minecraft:iron_chestplate":1,"minecraft:iron_leggings":1,"minecraft:stone_pickaxe":2,"minecraft:stone_axe":1,"minecraft:stone_shovel":1,"minecraft:iron_axe":1,"minecraft:iron_pickaxe":4,"minecraft:iron_helmet":1},"minecraft:mined":{"minecraft:white_bed":1,"minecraft:obsidian":1,"minecraft:granite":11,"minecraft:grass_block":359,"minecraft:hopper":4,"minecraft:oxeye_daisy":16,"minecraft:tuff_bricks":22,"minecraft:weeping_vines_plant":1,"minecraft:tall_seagrass":1,"minecraft:glowstone":73,"minecraft:iron_ore":113,"minecraft:cobbled_deepslate":14,"minecraft:fire":4,"minecraft:deepslate_lapis_ore":26,"minecraft:azure_bluet":18,"minecraft:deepslate_redstone_ore":35,"minecraft:crimson_nylium":2,"minecraft:powder_snow":12,"minecraft:torch":3,"minecraft:poppy":3,"minecraft:melon":5,"minecraft:chest":2,"minecraft:nether_quartz_ore":17,"minecraft:cobblestone":23,"minecraft:sugar_cane":21,"minecraft:oak_planks":33,"minecraft:wall_torch":5,"minecraft:seagrass":1,"minecraft:bamboo_planks":1,"minecraft:nether_wart_block":7,"minecraft:light_gray_stained_glass":2,"minecraft:wheat":6,"minecraft:waxed_copper_block":2,"minecraft:oak_log":99,"minecraft:waxed_oxidized_copper":1,"minecraft:sand":214,"minecraft:dirt":223,"minecraft:netherrack":148,"minecraft:piston":2,"minecraft:oak_leaves":22,"minecraft:deepslate":483,"minecraft:nether_gold_ore":2,"minecraft:tuff":68,"minecraft:deepslate_diamond_ore":24,"minecraft:glow_lichen":2,"minecraft:decorated_pot":6,"minecraft:crimson_roots":1,"minecraft:redstone_ore":31,"minecraft:furnace":6,"minecraft:andesite":14,"minecraft:deepslate_iron_ore":130,"minecraft:bamboo":47,"minecraft:stone":574,"minecraft:lily_of_the_valley":1,"minecraft:dandelion":6,"minecraft:oak_fence":3,"minecraft:crafting_table":8,"minecraft:cornflower":1,"minecraft:short_grass":181,"minecraft:tall_grass":30,"minecraft:copper_ore":3,"minecraft:lapis_ore":10,"minecraft:deepslate_gold_ore":48,"minecraft:diorite":1,"minecraft:coal_ore":137,"minecraft:gravel":17,"minecraft:cobweb":10,"minecraft:fern":1},"minecraft:killed_by":{"minecraft:zombie":2,"minecraft:player":1,"minecraft:slime":1,"minecraft:skeleton":1},"minecraft:custom":{"minecraft:animals_bred":11,"minecraft:interact_with_crafting_table":78,"minecraft:open_barrel":5,"minecraft:leave_game":2,"minecraft:time_since_death":33431,"minecraft:sprint_one_cm":1044096,"minecraft:damage_blocked_by_shield":8522,"minecraft:drop":108,"minecraft:talked_to_villager":1,"minecraft:play_time":477032,"minecraft:deaths":6,"minecraft:jump":10502,"minecraft:interact_with_brewingstand":1,"minecraft:walk_on_water_one_cm":259079,"minecraft:enchant_item":1,"minecraft:interact_with_furnace":131,"minecraft:sleep_in_bed":7,"minecraft:damage_dealt":28158,"minecraft:crouch_one_cm":37780,"minecraft:inspect_dispenser":1,"minecraft:mob_kills":440,"minecraft:inspect_hopper":2,"minecraft:climb_one_cm":37613,"minecraft:walk_one_cm":1141110,"minecraft:sneak_time":17244,"minecraft:walk_under_water_one_cm":102289,"minecraft:boat_one_cm":37997,"minecraft:total_world_time":477032,"minecraft:time_since_rest":33545,"minecraft:damage_taken":9375,"minecraft:swim_one_cm":245456,"minecraft:fly_one_cm":1527121,"minecraft:open_chest":135,"minecraft:fall_one_cm":254975},"minecraft:used":{"minecraft:tuff_bricks":14,"minecraft:iron_shovel":523,"minecraft:chest":6,"minecraft:shield":313,"minecraft:iron_sword":268,"minecraft:rotten_flesh":16,"minecraft:waxed_copper_grate":1,"minecraft:stone_bricks":51,"minecraft:furnace":8,"minecraft:cooked_cod":7,"minecraft:egg":9,"minecraft:stone_pickaxe":338,"minecraft:oak_planks":50,"minecraft:wooden_pickaxe":16,"minecraft:sugar_cane":30,"minecraft:sand":20,"minecraft:crossbow":8,"minecraft:bread":6,"minecraft:melon_slice":23,"minecraft:gravel":4,"minecraft:diamond_sword":558,"minecraft:oak_boat":1,"minecraft:bone_meal":43,"minecraft:oak_fence":36,"minecraft:flint_and_steel":1,"minecraft:stone_shovel":190,"minecraft:redstone":10,"minecraft:cooked_salmon":14,"minecraft:netherrack":141,"minecraft:stone_hoe":10,"minecraft:cooked_chicken":18,"minecraft:trial_key":1,"minecraft:torch":124,"minecraft:dirt":390,"minecraft:hopper":9,"minecraft:granite":6,"minecraft:bamboo_raft":1,"minecraft:light_gray_stained_glass":123,"minecraft:iron_axe":184,"minecraft:bamboo":15,"minecraft:glowstone":27,"minecraft:cooked_beef":43,"minecraft:cobbled_deepslate":249,"minecraft:enchanted_golden_apple":1,"minecraft:bamboo_planks":3,"minecraft:wheat_seeds":12,"minecraft:water_bucket":75,"minecraft:baked_potato":4,"minecraft:crafting_table":12,"minecraft:white_bed":2,"minecraft:oak_log":3,"minecraft:piston":21,"minecraft:diamond_pickaxe":719,"minecraft:apple":1,"minecraft:oxeye_daisy":1,"minecraft:ominous_trial_key":3,"minecraft:iron_pickaxe":1004,"minecraft:stone_axe":100,"minecraft:cobblestone":54,"minecraft:cooked_porkchop":18,"minecraft:bucket":76},"minecraft:crafted":{"minecraft:oak_planks":380,"minecraft:cooked_chicken":17,"minecraft:stone":64,"minecraft:bamboo_block":40,"minecraft:glass":146,"minecraft:hopper":7,"minecraft:iron_boots":1,"minecraft:chest":12,"minecraft:stone_hoe":1,"minecraft:stone_bricks":64,"minecraft:oak_fence":48,"minecraft:golden_boots":1,"minecraft:bamboo_raft":1,"minecraft:cooked_porkchop":17,"minecraft:crafting_table":5,"minecraft:iron_helmet":1,"minecraft:wooden_pickaxe":1,"minecraft:oak_wood":3,"minecraft:bamboo_planks":80,"minecraft:iron_chestplate":1,"minecraft:diamond_pickaxe":2,"minecraft:shield":2,"minecraft:stick":156,"minecraft:iron_ingot":106,"minecraft:iron_pickaxe":4,"minecraft:gold_ingot":16,"minecraft:light_gray_dye":31,"minecraft:stone_shovel":2,"minecraft:light_gray_stained_glass":168,"minecraft:furnace":3,"minecraft:piston":24,"minecraft:bone_meal":42,"minecraft:flint_and_steel":1,"minecraft:iron_axe":1,"minecraft:ladder":12,"minecraft:stone_pickaxe":2,"minecraft:lead":2,"minecraft:observer":11,"minecraft:cooked_beef":26,"minecraft:cooked_cod":6,"minecraft:diamond_sword":1,"minecraft:iron_sword":2,"minecraft:cooked_salmon":26,"minecraft:bucket":1,"minecraft:stone_axe":1,"minecraft:glowstone":42,"minecraft:bread":2,"minecraft:air":0,"minecraft:oak_boat":1,"minecraft:iron_shovel":2,"minecraft:iron_leggings":1,"minecraft:white_bed":1,"minecraft:torch":116},"minecraft:dropped":{"minecraft:iron_sword":1,"minecraft:piston":5,"minecraft:cooked_beef":1,"minecraft:baked_potato":1,"minecraft:glass_bottle":27,"minecraft:cooked_porkchop":8,"minecraft:weeping_vines":1,"minecraft:leather":1,"minecraft:dirt":175,"minecraft:sand":1,"minecraft:bone":5,"minecraft:gravel":18,"minecraft:rotten_flesh":14,"minecraft:oak_planks":16,"minecraft:glowstone_dust":1,"minecraft:cooked_mutton":8,"minecraft:gunpowder":2,"minecraft:hopper":6,"minecraft:ladder":12,"minecraft:arrow":1,"minecraft:egg":4,"minecraft:stone_hoe":1,"minecraft:wheat_seeds":3,"minecraft:feather":17,"minecraft:cobblestone":33,"minecraft:observer":8,"minecraft:polished_tuff":1,"minecraft:granite":1,"minecraft:ominous_trial_key":2,"minecraft:waxed_oxidized_copper":2,"minecraft:string":18,"minecraft:redstone":1,"minecraft:bamboo_planks":3,"minecraft:tuff":27,"minecraft:shield":1,"minecraft:diamond_pickaxe":1,"minecraft:andesite":3,"minecraft:oak_sapling":3,"minecraft:spider_eye":2,"minecraft:slime_ball":7,"minecraft:brick":4},"minecraft:picked_up":{"minecraft:iron_chestplate":6,"minecraft:wheat":6,"minecraft:lead":9,"minecraft:diamond_sword":6,"minecraft:potion":8,"minecraft:string":34,"minecraft:raw_copper":21,"minecraft:cooked_salmon":24,"minecraft:iron_leggings":3,"minecraft:cobbled_deepslate":515,"minecraft:trial_key":1,"minecraft:enchanted_golden_apple":2,"minecraft:melon_slice":54,"minecraft:iron_boots":1,"minecraft:furnace":5,"minecraft:tipped_arrow":63,"minecraft:stick":36,"minecraft:oak_fence":5,"minecraft:torch":63,"minecraft:porkchop":17,"minecraft:waxed_copper_grate":1,"minecraft:diorite":1,"minecraft:rotten_flesh":66,"minecraft:cobblestone":725,"minecraft:feather":27,"minecraft:cooked_beef":36,"minecraft:water_bucket":6,"minecraft:andesite":4,"minecraft:flint":5,"minecraft:tuff":78,"minecraft:light_gray_dye":10,"minecraft:lapis_lazuli":234,"minecraft:dirt":562,"minecraft:bone":47,"minecraft:bow":4,"minecraft:wheat_seeds":47,"minecraft:raw_gold":48,"minecraft:glowstone_dust":188,"minecraft:bamboo":391,"minecraft:scrape_pottery_sherd":3,"minecraft:stone_hoe":6,"minecraft:oak_planks":33,"minecraft:cooked_porkchop":7,"minecraft:bamboo_raft":6,"minecraft:sand":211,"minecraft:diamond":60,"minecraft:waxed_oxidized_copper_grate":15,"minecraft:granite":8,"minecraft:crossbow":4,"minecraft:breeze_rod":11,"minecraft:bone_meal":1,"minecraft:bread":6,"minecraft:emerald":22,"minecraft:oak_sapling":4,"minecraft:netherrack":156,"minecraft:ominous_trial_key":9,"minecraft:diamond_pickaxe":3,"minecraft:crafting_table":10,"minecraft:azure_bluet":18,"minecraft:ominous_bottle":6,"minecraft:chicken":23,"minecraft:brick":42,"minecraft:shield":12,"minecraft:wind_charge":17,"minecraft:cornflower":5,"minecraft:beef":26,"minecraft:poppy":4,"minecraft:guster_pottery_sherd":3,"minecraft:sugar_cane":45,"minecraft:chest":2,"minecraft:piston":2,"minecraft:waxed_oxidized_copper":6,"minecraft:egg":21,"minecraft:raw_iron":295,"minecraft:redstone":280,"minecraft:stone_shovel":1,"minecraft:weeping_vines":1,"minecraft:arrow":170,"minecraft:cooked_cod":1,"minecraft:decorated_pot":1,"minecraft:tuff_bricks":63,"minecraft:mutton":6,"minecraft:white_wool":3,"minecraft:oxeye_daisy":18,"minecraft:glow_ink_sac":6,"minecraft:salmon":35,"minecraft:leather":9,"minecraft:oak_log":99,"minecraft:waxed_copper_block":32,"minecraft:nether_wart_block":6,"minecraft:golden_boots":1,"minecraft:gunpowder":2,"minecraft:apple":1,"minecraft:iron_ingot":6,"minecraft:stone_pickaxe":2,"minecraft:cooked_chicken":3,"minecraft:glass_bottle":27,"minecraft:iron_sword":1,"minecraft:bamboo_planks":78,"minecraft:quartz":15,"minecraft:dandelion":16,"minecraft:gravel":24,"minecraft:white_bed":1,"minecraft:polished_tuff":1,"minecraft:spider_eye":2,"minecraft:slime_ball":484,"minecraft:iron_helmet":4,"minecraft:baked_potato":13,"minecraft:chiseled_tuff_bricks":9,"minecraft:coal":168,"minecraft:hopper":7},"minecraft:killed":{"minecraft:witch":1,"minecraft:spider":6,"minecraft:skeleton":36,"minecraft:chicken":23,"minecraft:pig":6,"minecraft:salmon":37,"minecraft:sheep":2,"minecraft:zombie":56,"minecraft:cow":10,"minecraft:slime":238,"minecraft:drowned":4,"minecraft:hoglin":1,"minecraft:breeze":3,"minecraft:enderman":1}},"DataVersion":3953}