{"stats":{"minecraft:broken":{"minecraft:iron_shovel":1,"minecraft:iron_boots":1,"minecraft:stone_pickaxe":2,"minecraft:diamond_pickaxe":1,"minecraft:iron_sword":1,"minecraft:iron_hoe":4,"minecraft:iron_pickaxe":1,"minecraft:iron_helmet":2},"minecraft:crafted":{"minecraft:oak_planks":268,"minecraft:smooth_stone":3,"minecraft:cooked_chicken":7,"minecraft:stone":3,"minecraft:bookshelf":11,"minecraft:cooked_mutton":8,"minecraft:glass":81,"minecraft:diamond_helmet":1,"minecraft:bow":2,"minecraft:diamond_leggings":1,"minecraft:iron_boots":2,"minecraft:chest":7,"minecraft:smoker":1,"minecraft:emerald":9,"minecraft:cooked_porkchop":11,"minecraft:crafting_table":9,"minecraft:wooden_pickaxe":1,"minecraft:iron_helmet":2,"minecraft:dispenser":1,"minecraft:iron_chestplate":1,"minecraft:book":35,"minecraft:paper":108,"minecraft:diamond_pickaxe":2,"minecraft:shield":1,"minecraft:stick":120,"minecraft:iron_ingot":143,"minecraft:iron_pickaxe":2,"minecraft:iron_block":3,"minecraft:stone_sword":1,"minecraft:gold_ingot":6,"minecraft:golden_carrot":10,"minecraft:furnace":3,"minecraft:blast_furnace":1,"minecraft:bone_meal":147,"minecraft:iron_axe":1,"minecraft:iron_hoe":5,"minecraft:stone_pickaxe":2,"minecraft:diamond_boots":1,"minecraft:cooked_beef":51,"minecraft:diamond_sword":1,"minecraft:enchanting_table":1,"minecraft:iron_sword":2,"minecraft:bucket":1,"minecraft:stone_axe":1,"minecraft:air":0,"minecraft:oak_boat":1,"minecraft:gold_nugget":81,"minecraft:iron_shovel":3,"minecraft:iron_leggings":1,"minecraft:anvil":1,"minecraft:white_bed":1,"minecraft:torch":284},"minecraft:mined":{"minecraft:large_amethyst_bud":5,"minecraft:spruce_planks":1,"minecraft:white_bed":2,"minecraft:sculk_vein":56,"minecraft:obsidian":5,"minecraft:cave_vines_plant":1,"minecraft:granite":26,"minecraft:budding_amethyst":4,"minecraft:grass_block":120,"minecraft:chiseled_tuff_bricks":8,"minecraft:tuff_bricks":96,"minecraft:iron_ore":133,"minecraft:cobbled_deepslate":12,"minecraft:fire":2,"minecraft:polished_tuff":9,"minecraft:moss_carpet":1,"minecraft:deepslate_lapis_ore":6,"minecraft:enchanting_table":1,"minecraft:sculk_shrieker":3,"minecraft:small_amethyst_bud":3,"minecraft:deepslate_redstone_ore":38,"minecraft:smoker":2,"minecraft:amethyst_cluster":2,"minecraft:torch":2,"minecraft:blast_furnace":2,"minecraft:calcite":7,"minecraft:cobblestone":9,"minecraft:sugar_cane":118,"minecraft:oak_planks":3,"minecraft:wall_torch":1,"minecraft:amethyst_block":11,"minecraft:waxed_copper_bulb":1,"minecraft:wheat":49,"minecraft:waxed_copper_block":10,"minecraft:oak_log":99,"minecraft:waxed_oxidized_copper":10,"minecraft:sand":85,"minecraft:dirt":308,"minecraft:smooth_basalt":4,"minecraft:raw_copper_block":1,"minecraft:piston":1,"minecraft:oak_leaves":18,"minecraft:deepslate":265,"minecraft:diamond_ore":4,"minecraft:tuff":36,"minecraft:deepslate_diamond_ore":61,"minecraft:decorated_pot":35,"minecraft:redstone_wire":1,"minecraft:furnace":4,"minecraft:carrots":24,"minecraft:waxed_copper_grate":23,"minecraft:andesite":11,"minecraft:chiseled_tuff":1,"minecraft:deepslate_iron_ore":36,"minecraft:stone":2076,"minecraft:bone_block":1,"minecraft:flowering_azalea":1,"minecraft:observer":3,"minecraft:crafting_table":11,"minecraft:short_grass":23,"minecraft:tall_grass":5,"minecraft:copper_ore":8,"minecraft:lapis_ore":2,"minecraft:deepslate_gold_ore":14,"minecraft:sculk":1154,"minecraft:diorite":4,"minecraft:waxed_oxidized_copper_grate":15,"minecraft:coal_ore":159,"minecraft:flower_pot":2,"minecraft:gravel":18,"minecraft:cobweb":5},"minecraft:dropped":{"minecraft:guster_pottery_sherd":2,"minecraft:iron_sword":2,"minecraft:cooked_beef":1,"minecraft:oak_log":32,"minecraft:glass_bottle":4,"minecraft:crafting_table":2,"minecraft:glow_berries":1,"minecraft:emerald":6,"minecraft:dirt":13,"minecraft:scrape_pottery_sherd":1,"minecraft:cooked_cod":2,"minecraft:amethyst_shard":16,"minecraft:bone":4,"minecraft:gravel":1,"minecraft:chiseled_tuff_bricks":7,"minecraft:rotten_flesh":25,"minecraft:oak_planks":10,"minecraft:honey_bottle":3,"minecraft:waxed_copper_block":1,"minecraft:tipped_arrow":29,"minecraft:arrow":7,"minecraft:scaffolding":4,"minecraft:iron_ingot":3,"minecraft:bread":2,"minecraft:wheat_seeds":7,"minecraft:cobblestone":48,"minecraft:polished_tuff":2,"minecraft:amethyst_block":11,"minecraft:granite":4,"minecraft:ominous_trial_key":5,"minecraft:stick":6,"minecraft:gray_wool":2,"minecraft:golden_carrot":1,"minecraft:potion":3,"minecraft:iron_leggings":1,"minecraft:flow_banner_pattern":2,"minecraft:iron_shovel":2,"minecraft:string":8,"minecraft:redstone":92,"minecraft:moss_carpet":2,"minecraft:tuff_bricks":41,"minecraft:stone_sword":1,"minecraft:tuff":4,"minecraft:raw_iron":67,"minecraft:clay_ball":15,"minecraft:filled_map":1,"minecraft:trial_key":3,"minecraft:spruce_planks":1,"minecraft:iron_chestplate":1,"minecraft:slime_ball":26,"minecraft:bow":2,"minecraft:wooden_pickaxe":1,"minecraft:raw_gold":8,"minecraft:waxed_oxidized_copper_grate":1,"minecraft:brick":55},"minecraft:picked_up":{"minecraft:iron_chestplate":1,"minecraft:wheat":49,"minecraft:potion":3,"minecraft:enchanted_book":4,"minecraft:amethyst_block":11,"minecraft:string":24,"minecraft:raw_copper":32,"minecraft:cobbled_deepslate":288,"minecraft:spruce_planks":1,"minecraft:trial_key":11,"minecraft:calcite":7,"minecraft:enchanted_golden_apple":2,"minecraft:furnace":4,"minecraft:tipped_arrow":31,"minecraft:stick":3,"minecraft:torch":18,"minecraft:porkchop":12,"minecraft:waxed_copper_grate":1,"minecraft:honey_bottle":3,"minecraft:rotten_flesh":46,"minecraft:iron_block":1,"minecraft:obsidian":5,"minecraft:cobblestone":2104,"minecraft:enchanting_table":1,"minecraft:feather":5,"minecraft:cooked_beef":6,"minecraft:smoker":2,"minecraft:flint":2,"minecraft:tuff":37,"minecraft:lapis_lazuli":48,"minecraft:dirt":427,"minecraft:bone":53,"minecraft:bow":4,"minecraft:wheat_seeds":143,"minecraft:raw_gold":14,"minecraft:scrape_pottery_sherd":1,"minecraft:oak_planks":11,"minecraft:cooked_porkchop":8,"minecraft:sand":81,"minecraft:diamond":73,"minecraft:waxed_oxidized_copper_grate":8,"minecraft:granite":20,"minecraft:crossbow":2,"minecraft:breeze_rod":10,"minecraft:golden_apple":1,"minecraft:bread":10,"minecraft:emerald":65,"minecraft:oak_sapling":1,"minecraft:ominous_trial_key":13,"minecraft:crafting_table":12,"minecraft:ominous_bottle":3,"minecraft:chicken":7,"minecraft:clay_ball":15,"minecraft:music_disc_creator":1,"minecraft:brick":91,"minecraft:wind_charge":44,"minecraft:moss_carpet":2,"minecraft:flow_banner_pattern":3,"minecraft:iron_shovel":1,"minecraft:beef":67,"minecraft:observer":3,"minecraft:guster_pottery_sherd":2,"minecraft:sugar_cane":160,"minecraft:piston":1,"minecraft:waxed_oxidized_copper":3,"minecraft:raw_copper_block":1,"minecraft:raw_iron":244,"minecraft:carrot":77,"minecraft:redstone":222,"minecraft:arrow":72,"minecraft:diamond_chestplate":1,"minecraft:cooked_cod":4,"minecraft:flow_armor_trim_smithing_template":1,"minecraft:tuff_bricks":75,"minecraft:glow_berries":1,"minecraft:mutton":12,"minecraft:white_wool":6,"minecraft:golden_carrot":3,"minecraft:leather":35,"minecraft:oak_log":127,"minecraft:waxed_copper_block":2,"minecraft:cooked_mutton":8,"minecraft:iron_ingot":26,"minecraft:cooked_chicken":1,"minecraft:glass_bottle":4,"minecraft:iron_sword":1,"minecraft:smooth_basalt":4,"minecraft:emerald_block":1,"minecraft:gravel":16,"minecraft:amethyst_shard":16,"minecraft:blast_furnace":2,"minecraft:white_bed":2,"minecraft:polished_tuff":2,"minecraft:slime_ball":280,"minecraft:gray_wool":2,"minecraft:baked_potato":14,"minecraft:coal":192,"minecraft:chiseled_tuff_bricks":8},"minecraft:killed":{"minecraft:cave_spider":1,"minecraft:witch":1,"minecraft:spider":6,"minecraft:skeleton":45,"minecraft:chicken":7,"minecraft:pig":7,"minecraft:zombie_villager":1,"minecraft:creeper":1,"minecraft:sheep":8,"minecraft:zombie":72,"minecraft:cow":29,"minecraft:slime":357,"minecraft:phantom":2,"minecraft:horse":2,"minecraft:drowned":1,"minecraft:breeze":7},"minecraft:custom":{"minecraft:animals_bred":12,"minecraft:interact_with_crafting_table":82,"minecraft:open_barrel":10,"minecraft:leave_game":1,"minecraft:time_since_death":397034,"minecraft:damage_resisted":119,"minecraft:sprint_one_cm":1224857,"minecraft:damage_blocked_by_shield":1493,"minecraft:drop":127,"minecraft:play_time":397034,"minecraft:jump":9301,"minecraft:walk_on_water_one_cm":66341,"minecraft:enchant_item":4,"minecraft:interact_with_furnace":32,"minecraft:sleep_in_bed":5,"minecraft:damage_dealt":38809,"minecraft:crouch_one_cm":135795,"minecraft:interact_with_smoker":20,"minecraft:inspect_dispenser":2,"minecraft:mob_kills":555,"minecraft:climb_one_cm":32555,"minecraft:walk_one_cm":1059052,"minecraft:sneak_time":37556,"minecraft:walk_under_water_one_cm":34726,"minecraft:boat_one_cm":118768,"minecraft:interact_with_blast_furnace":29,"minecraft:total_world_time":397034,"minecraft:time_since_rest":219312,"minecraft:damage_taken":7269,"minecraft:damage_absorbed":307,"minecraft:swim_one_cm":73566,"minecraft:fly_one_cm":1689131,"minecraft:open_chest":168,"minecraft:fall_one_cm":294291},"minecraft:used":{"minecraft:tuff_bricks":34,"minecraft:iron_shovel":508,"minecraft:chest":6,"minecraft:shield":43,"minecraft:iron_sword":518,"minecraft:rotten_flesh":8,"minecraft:mutton":4,"minecraft:carrot":24,"minecraft:waxed_copper_grate":1,"minecraft:tuff":20,"minecraft:glass":27,"minecraft:waxed_oxidized_copper_grate":7,"minecraft:bow":11,"minecraft:ominous_bottle":2,"minecraft:furnace":5,"minecraft:cooked_cod":2,"minecraft:stone_pickaxe":263,"minecraft:oak_planks":2,"minecraft:ender_pearl":1,"minecraft:wooden_pickaxe":5,"minecraft:sugar_cane":51,"minecraft:golden_apple":2,"minecraft:blast_furnace":3,"minecraft:crossbow":55,"minecraft:bread":8,"minecraft:chiseled_tuff_bricks":1,"minecraft:diamond_sword":247,"minecraft:oak_boat":1,"minecraft:bone_meal":147,"minecraft:enchanting_table":2,"minecraft:stone_sword":86,"minecraft:redstone":2,"minecraft:cooked_chicken":8,"minecraft:trial_key":8,"minecraft:torch":288,"minecraft:dirt":64,"minecraft:anvil":1,"minecraft:iron_hoe":1231,"minecraft:bookshelf":11,"minecraft:iron_axe":101,"minecraft:iron_boots":1,"minecraft:golden_carrot":7,"minecraft:beef":1,"minecraft:cooked_beef":56,"minecraft:cobbled_deepslate":329,"minecraft:observer":3,"minecraft:enchanted_golden_apple":2,"minecraft:wheat_seeds":74,"minecraft:cooked_mutton":8,"minecraft:water_bucket":58,"minecraft:glass_bottle":1,"minecraft:baked_potato":14,"minecraft:waxed_copper_block":1,"minecraft:crafting_table":18,"minecraft:white_bed":3,"minecraft:smoker":3,"minecraft:piston":1,"minecraft:diamond_pickaxe":2592,"minecraft:ominous_trial_key":6,"minecraft:wind_charge":2,"minecraft:iron_pickaxe":280,"minecraft:stone_axe":67,"minecraft:cobblestone":269,"minecraft:potion":1,"minecraft:porkchop":1,"minecraft:cooked_porkchop":11,"minecraft:bucket":59}},"DataVersion":3953}