{"stats":{"minecraft:broken":{"minecraft:iron_shovel":1,"minecraft:iron_boots":1,"minecraft:stone_pickaxe":2,"minecraft:diamond_pickaxe":1,"minecraft:iron_sword":1,"minecraft:iron_hoe":4,"minecraft:iron_pickaxe":1,"minecraft:iron_helmet":2},"minecraft:mined":{"minecraft:large_amethyst_bud":5,"minecraft:spruce_planks":1,"minecraft:white_bed":2,"minecraft:sculk_vein":56,"minecraft:obsidian":5,"minecraft:cave_vines_plant":1,"minecraft:granite":26,"minecraft:budding_amethyst":4,"minecraft:grass_block":120,"minecraft:chiseled_tuff_bricks":8,"minecraft:tuff_bricks":96,"minecraft:iron_ore":133,"minecraft:cobbled_deepslate":12,"minecraft:fire":2,"minecraft:polished_tuff":9,"minecraft:moss_carpet":1,"minecraft:deepslate_lapis_ore":6,"minecraft:enchanting_table":1,"minecraft:sculk_shrieker":3,"minecraft:small_amethyst_bud":3,"minecraft:deepslate_redstone_ore":38,"minecraft:smoker":2,"minecraft:amethyst_cluster":2,"minecraft:torch":2,"minecraft:blast_furnace":2,"minecraft:calcite":7,"minecraft:cobblestone":37,"minecraft:sugar_cane":143,"minecraft:oak_planks":3,"minecraft:wall_torch":1,"minecraft:amethyst_block":11,"minecraft:waxed_copper_bulb":1,"minecraft:wheat":49,"minecraft:waxed_copper_block":10,"minecraft:oak_log":99,"minecraft:waxed_oxidized_copper":10,"minecraft:sand":85,"minecraft:dirt":308,"minecraft:smooth_basalt":4,"minecraft:raw_copper_block":1,"minecraft:piston":1,"minecraft:oak_leaves":18,"minecraft:deepslate":265,"minecraft:diamond_ore":4,"minecraft:tuff":36,"minecraft:deepslate_diamond_ore":61,"minecraft:decorated_pot":35,"minecraft:redstone_wire":1,"minecraft:furnace":4,"minecraft:carrots":24,"minecraft:waxed_copper_grate":23,"minecraft:andesite":11,"minecraft:chiseled_tuff":1,"minecraft:deepslate_iron_ore":36,"minecraft:stone":2076,"minecraft:bone_block":1,"minecraft:flowering_azalea":1,"minecraft:observer":3,"minecraft:crafting_table":11,"minecraft:short_grass":23,"minecraft:tall_grass":5,"minecraft:copper_ore":8,"minecraft:lapis_ore":2,"minecraft:deepslate_gold_ore":14,"minecraft:sculk":1154,"minecraft:diorite":4,"minecraft:waxed_oxidized_copper_grate":15,"minecraft:coal_ore":159,"minecraft:flower_pot":2,"minecraft:gravel":18,"minecraft:cobweb":5,"minecraft:stone_bricks":1},"minecraft:killed_by":{"minecraft:zombie":1},"minecraft:custom":{"minecraft:animals_bred":15,"minecraft:interact_with_crafting_table":82,"minecraft:open_barrel":10,"minecraft:leave_game":4,"minecraft:time_since_death":2419,"minecraft:damage_resisted":119,"minecraft:sprint_one_cm":1253879,"minecraft:damage_blocked_by_shield":1583,"minecraft:drop":135,"minecraft:play_time":410540,"minecraft:deaths":1,"minecraft:jump":9630,"minecraft:walk_on_water_one_cm":76041,"minecraft:enchant_item":4,"minecraft:interact_with_furnace":32,"minecraft:sleep_in_bed":5,"minecraft:damage_dealt":39419,"minecraft:player_kills":1,"minecraft:crouch_one_cm":136579,"minecraft:interact_with_smoker":21,"minecraft:inspect_dispenser":2,"minecraft:mob_kills":561,"minecraft:climb_one_cm":35097,"minecraft:walk_one_cm":1084038,"minecraft:sneak_time":37806,"minecraft:walk_under_water_one_cm":38065,"minecraft:boat_one_cm":118768,"minecraft:interact_with_blast_furnace":29,"minecraft:total_world_time":410540,"minecraft:time_since_rest":2521,"minecraft:damage_taken":7915,"minecraft:damage_absorbed":307,"minecraft:swim_one_cm":82892,"minecraft:fly_one_cm":1744495,"minecraft:open_chest":172,"minecraft:fall_one_cm":304050},"minecraft:used":{"minecraft:tuff_bricks":34,"minecraft:iron_shovel":508,"minecraft:chest":6,"minecraft:shield":44,"minecraft:iron_sword":518,"minecraft:rotten_flesh":8,"minecraft:mutton":4,"minecraft:carrot":24,"minecraft:waxed_copper_grate":1,"minecraft:tuff":20,"minecraft:glass":27,"minecraft:waxed_oxidized_copper_grate":7,"minecraft:stone_bricks":1,"minecraft:bow":30,"minecraft:ominous_bottle":2,"minecraft:furnace":5,"minecraft:cooked_cod":2,"minecraft:stone_pickaxe":263,"minecraft:oak_planks":2,"minecraft:ender_pearl":1,"minecraft:wooden_pickaxe":5,"minecraft:sugar_cane":51,"minecraft:golden_apple":2,"minecraft:blast_furnace":3,"minecraft:crossbow":55,"minecraft:bread":8,"minecraft:chiseled_tuff_bricks":1,"minecraft:diamond_sword":255,"minecraft:oak_boat":1,"minecraft:bone_meal":147,"minecraft:enchanting_table":2,"minecraft:stone_sword":86,"minecraft:redstone":2,"minecraft:cooked_chicken":8,"minecraft:trial_key":8,"minecraft:torch":288,"minecraft:dirt":64,"minecraft:anvil":1,"minecraft:iron_hoe":1231,"minecraft:bookshelf":11,"minecraft:iron_axe":101,"minecraft:iron_boots":1,"minecraft:golden_carrot":9,"minecraft:beef":1,"minecraft:cooked_beef":59,"minecraft:cobbled_deepslate":329,"minecraft:enchanted_golden_apple":2,"minecraft:observer":3,"minecraft:wheat_seeds":75,"minecraft:cooked_mutton":8,"minecraft:water_bucket":59,"minecraft:glass_bottle":1,"minecraft:baked_potato":14,"minecraft:waxed_copper_block":1,"minecraft:crafting_table":18,"minecraft:white_bed":3,"minecraft:smoker":3,"minecraft:piston":1,"minecraft:diamond_pickaxe":2621,"minecraft:ominous_trial_key":6,"minecraft:wind_charge":2,"minecraft:iron_pickaxe":280,"minecraft:stone_axe":67,"minecraft:cobblestone":282,"minecraft:potion":1,"minecraft:porkchop":1,"minecraft:cooked_porkchop":11,"minecraft:bucket":60,"minecraft:diamond_leggings":1},"minecraft:crafted":{"minecraft:oak_planks":268,"minecraft:smooth_stone":3,"minecraft:cooked_chicken":7,"minecraft:stone":3,"minecraft:bookshelf":11,"minecraft:cooked_mutton":8,"minecraft:glass":81,"minecraft:diamond_helmet":1,"minecraft:bow":2,"minecraft:diamond_leggings":1,"minecraft:iron_boots":2,"minecraft:chest":7,"minecraft:smoker":1,"minecraft:emerald":9,"minecraft:cooked_porkchop":11,"minecraft:crafting_table":9,"minecraft:wooden_pickaxe":1,"minecraft:iron_helmet":2,"minecraft:dispenser":1,"minecraft:iron_chestplate":1,"minecraft:book":35,"minecraft:paper":108,"minecraft:diamond_pickaxe":2,"minecraft:shield":1,"minecraft:stick":120,"minecraft:iron_ingot":143,"minecraft:iron_pickaxe":2,"minecraft:iron_block":3,"minecraft:stone_sword":1,"minecraft:gold_ingot":6,"minecraft:golden_carrot":10,"minecraft:furnace":3,"minecraft:blast_furnace":1,"minecraft:bone_meal":147,"minecraft:iron_axe":1,"minecraft:iron_hoe":5,"minecraft:stone_pickaxe":2,"minecraft:diamond_boots":1,"minecraft:cooked_beef":66,"minecraft:diamond_sword":1,"minecraft:enchanting_table":1,"minecraft:iron_sword":2,"minecraft:bucket":1,"minecraft:stone_axe":1,"minecraft:air":0,"minecraft:oak_boat":1,"minecraft:gold_nugget":81,"minecraft:iron_shovel":3,"minecraft:iron_leggings":1,"minecraft:anvil":1,"minecraft:white_bed":1,"minecraft:torch":284},"minecraft:dropped":{"minecraft:guster_pottery_sherd":2,"minecraft:iron_sword":2,"minecraft:cooked_beef":1,"minecraft:oak_log":32,"minecraft:glass_bottle":4,"minecraft:crafting_table":2,"minecraft:glow_berries":1,"minecraft:emerald":6,"minecraft:dirt":13,"minecraft:mace":1,"minecraft:scrape_pottery_sherd":1,"minecraft:cooked_cod":2,"minecraft:amethyst_shard":16,"minecraft:phantom_membrane":2,"minecraft:bone":4,"minecraft:gravel":1,"minecraft:chiseled_tuff_bricks":7,"minecraft:rotten_flesh":27,"minecraft:oak_planks":10,"minecraft:honey_bottle":3,"minecraft:waxed_copper_block":1,"minecraft:tipped_arrow":30,"minecraft:arrow":7,"minecraft:scaffolding":4,"minecraft:enchanted_book":1,"minecraft:iron_ingot":3,"minecraft:bread":2,"minecraft:wheat_seeds":7,"minecraft:cobblestone":63,"minecraft:polished_tuff":2,"minecraft:amethyst_block":11,"minecraft:granite":4,"minecraft:ominous_trial_key":5,"minecraft:stick":6,"minecraft:gray_wool":2,"minecraft:golden_carrot":2,"minecraft:potion":3,"minecraft:iron_leggings":1,"minecraft:flow_banner_pattern":2,"minecraft:iron_shovel":2,"minecraft:string":8,"minecraft:redstone":92,"minecraft:moss_carpet":2,"minecraft:tuff_bricks":41,"minecraft:stone_sword":1,"minecraft:tuff":4,"minecraft:raw_iron":67,"minecraft:clay_ball":15,"minecraft:filled_map":1,"minecraft:shield":1,"minecraft:trial_key":3,"minecraft:spruce_planks":1,"minecraft:iron_chestplate":1,"minecraft:slime_ball":26,"minecraft:bow":2,"minecraft:wooden_pickaxe":1,"minecraft:raw_gold":8,"minecraft:waxed_oxidized_copper_grate":1,"minecraft:brick":55},"minecraft:picked_up":{"minecraft:iron_chestplate":1,"minecraft:wheat":49,"minecraft:diamond_sword":1,"minecraft:potion":3,"minecraft:enchanted_book":5,"minecraft:amethyst_block":11,"minecraft:string":24,"minecraft:raw_copper":32,"minecraft:diamond_leggings":1,"minecraft:cobbled_deepslate":288,"minecraft:spruce_planks":1,"minecraft:trial_key":11,"minecraft:calcite":7,"minecraft:iron_pickaxe":1,"minecraft:enchanted_golden_apple":2,"minecraft:furnace":4,"minecraft:tipped_arrow":31,"minecraft:stick":3,"minecraft:torch":33,"minecraft:porkchop":12,"minecraft:waxed_copper_grate":1,"minecraft:honey_bottle":3,"minecraft:rotten_flesh":51,"minecraft:iron_block":1,"minecraft:obsidian":5,"minecraft:cobblestone":2196,"minecraft:enchanting_table":1,"minecraft:feather":5,"minecraft:cooked_beef":18,"minecraft:water_bucket":1,"minecraft:smoker":2,"minecraft:flint":2,"minecraft:tuff":37,"minecraft:lapis_lazuli":48,"minecraft:dirt":427,"minecraft:bone":53,"minecraft:bow":5,"minecraft:wheat_seeds":143,"minecraft:raw_gold":14,"minecraft:diamond_helmet":1,"minecraft:scrape_pottery_sherd":1,"minecraft:oak_planks":11,"minecraft:cooked_porkchop":8,"minecraft:sand":81,"minecraft:diamond":73,"minecraft:waxed_oxidized_copper_grate":8,"minecraft:granite":20,"minecraft:crossbow":2,"minecraft:breeze_rod":10,"minecraft:golden_apple":1,"minecraft:emerald":65,"minecraft:bread":10,"minecraft:oak_sapling":1,"minecraft:ominous_trial_key":13,"minecraft:diamond_pickaxe":1,"minecraft:crafting_table":12,"minecraft:ominous_bottle":3,"minecraft:chicken":7,"minecraft:clay_ball":15,"minecraft:music_disc_creator":1,"minecraft:brick":91,"minecraft:shield":3,"minecraft:wind_charge":44,"minecraft:moss_carpet":2,"minecraft:flow_banner_pattern":3,"minecraft:iron_axe":1,"minecraft:iron_shovel":2,"minecraft:beef":67,"minecraft:observer":3,"minecraft:guster_pottery_sherd":2,"minecraft:sugar_cane":183,"minecraft:piston":1,"minecraft:phantom_membrane":2,"minecraft:waxed_oxidized_copper":3,"minecraft:raw_copper_block":1,"minecraft:egg":1,"minecraft:raw_iron":244,"minecraft:fire_charge":8,"minecraft:mace":1,"minecraft:carrot":77,"minecraft:redstone":222,"minecraft:arrow":102,"minecraft:diamond_chestplate":2,"minecraft:cooked_cod":4,"minecraft:diamond_boots":1,"minecraft:flow_armor_trim_smithing_template":2,"minecraft:tuff_bricks":75,"minecraft:glow_berries":1,"minecraft:mutton":12,"minecraft:white_wool":6,"minecraft:golden_carrot":9,"minecraft:leather":35,"minecraft:oak_log":151,"minecraft:waxed_copper_block":2,"minecraft:cooked_mutton":8,"minecraft:stone_bricks":1,"minecraft:iron_ingot":26,"minecraft:cooked_chicken":1,"minecraft:glass_bottle":4,"minecraft:iron_sword":1,"minecraft:smooth_basalt":4,"minecraft:emerald_block":1,"minecraft:gravel":16,"minecraft:amethyst_shard":16,"minecraft:blast_furnace":2,"minecraft:white_bed":2,"minecraft:polished_tuff":2,"minecraft:slime_ball":309,"minecraft:gray_wool":2,"minecraft:baked_potato":14,"minecraft:coal":231,"minecraft:chiseled_tuff_bricks":8},"minecraft:killed":{"minecraft:cave_spider":1,"minecraft:witch":1,"minecraft:spider":6,"minecraft:skeleton":46,"minecraft:chicken":7,"minecraft:pig":7,"minecraft:zombie_villager":1,"minecraft:creeper":1,"minecraft:sheep":8,"minecraft:zombie":73,"minecraft:cow":29,"minecraft:slime":357,"minecraft:phantom":6,"minecraft:horse":2,"minecraft:drowned":1,"minecraft:breeze":7}},"DataVersion":3953}