{"stats":{"minecraft:used":{"minecraft:cooked_mutton":5,"minecraft:water_bucket":6,"minecraft:birch_planks":3,"minecraft:stone_pickaxe":130,"minecraft:stone_shovel":60,"minecraft:oak_planks":3,"minecraft:wooden_pickaxe":3,"minecraft:shield":13,"minecraft:cooked_chicken":5,"minecraft:rotten_flesh":11,"minecraft:dirt":3,"minecraft:crafting_table":11,"minecraft:white_bed":1,"minecraft:obsidian":2,"minecraft:wooden_axe":14,"minecraft:apple":1,"minecraft:iron_axe":39,"minecraft:iron_pickaxe":133,"minecraft:gravel":22,"minecraft:stone_axe":150,"minecraft:cobblestone":44,"minecraft:beef":4,"minecraft:porkchop":1,"minecraft:furnace":9,"minecraft:cooked_porkchop":13,"minecraft:bucket":9,"minecraft:egg":4,"minecraft:cooked_beef":4},"minecraft:picked_up":{"minecraft:wooden_axe":1,"minecraft:birch_log":1,"minecraft:crafting_table":10,"minecraft:feather":11,"minecraft:chicken":9,"minecraft:water_bucket":1,"minecraft:andesite":4,"minecraft:leather":11,"minecraft:wooden_pickaxe":1,"minecraft:birch_planks":1,"minecraft:flint":8,"minecraft:oak_log":61,"minecraft:dirt":3,"minecraft:string":2,"minecraft:bone":8,"minecraft:apple":1,"minecraft:bow":2,"minecraft:light_weighted_pressure_plate":1,"minecraft:beef":15,"minecraft:stone_pickaxe":1,"minecraft:sugar_cane":2,"minecraft:oak_planks":16,"minecraft:egg":4,"minecraft:furnace":10,"minecraft:stick":4,"minecraft:raw_iron":48,"minecraft:pumpkin":11,"minecraft:gravel":32,"minecraft:porkchop":25,"minecraft:diorite":9,"minecraft:white_bed":1,"minecraft:arrow":12,"minecraft:rotten_flesh":21,"minecraft:stone_shovel":1,"minecraft:stone_axe":1,"minecraft:oak_sapling":4,"minecraft:mutton":12,"minecraft:coal":421,"minecraft:white_wool":9,"minecraft:cobblestone":154},"minecraft:killed":{"minecraft:pig":8,"minecraft:spider":1,"minecraft:skeleton":7,"minecraft:sheep":9,"minecraft:zombie":11,"minecraft:chicken":8,"minecraft:cow":8},"minecraft:dropped":{"minecraft:birch_planks":1,"minecraft:light_weighted_pressure_plate":1,"minecraft:andesite":4,"minecraft:wooden_axe":1,"minecraft:wooden_pickaxe":1},"minecraft:broken":{"minecraft:stone_axe":2,"minecraft:stone_pickaxe":1},"minecraft:crafted":{"minecraft:cooked_beef":4,"minecraft:oak_planks":100,"minecraft:stone_shovel":1,"minecraft:cooked_porkchop":13,"minecraft:crafting_table":3,"minecraft:iron_helmet":1,"minecraft:cooked_chicken":5,"minecraft:wooden_pickaxe":1,"minecraft:furnace":1,"minecraft:bucket":3,"minecraft:birch_planks":4,"minecraft:stone_axe":2,"minecraft:cooked_mutton":5,"minecraft:air":0,"minecraft:iron_boots":1,"minecraft:iron_chestplate":1,"minecraft:shield":1,"minecraft:iron_axe":1,"minecraft:stick":28,"minecraft:iron_ingot":44,"minecraft:iron_pickaxe":1,"minecraft:stone_pickaxe":1,"minecraft:wooden_axe":1,"minecraft:iron_leggings":1,"minecraft:white_bed":1},"minecraft:custom":{"minecraft:interact_with_furnace":77,"minecraft:mob_kills":62,"minecraft:animals_bred":7,"minecraft:interact_with_crafting_table":29,"minecraft:leave_game":3,"minecraft:time_since_death":86194,"minecraft:sleep_in_bed":3,"minecraft:climb_one_cm":2439,"minecraft:time_since_rest":47758,"minecraft:sprint_one_cm":445452,"minecraft:damage_taken":2347,"minecraft:walk_one_cm":243483,"minecraft:damage_blocked_by_shield":325,"minecraft:drop":5,"minecraft:damage_dealt":7223,"minecraft:swim_one_cm":1817,"minecraft:fly_one_cm":352414,"minecraft:open_chest":3,"minecraft:crouch_one_cm":3137,"minecraft:play_time":106795,"minecraft:sneak_time":1630,"minecraft:deaths":1,"minecraft:walk_under_water_one_cm":1248,"minecraft:jump":2304,"minecraft:walk_on_water_one_cm":12424,"minecraft:total_world_time":106795,"minecraft:fall_one_cm":66814},"minecraft:killed_by":{"minecraft:zombie":1},"minecraft:mined":{"minecraft:white_bed":1,"minecraft:crafting_table":9,"minecraft:short_grass":7,"minecraft:grass_block":1,"minecraft:spruce_leaves":3,"minecraft:sugar_cane":1,"minecraft:diorite":4,"minecraft:furnace":9,"minecraft:birch_log":2,"minecraft:iron_ore":44,"minecraft:andesite":4,"minecraft:pumpkin":11,"minecraft:oak_log":35,"minecraft:coal_ore":68,"minecraft:gravel":33,"minecraft:dirt":2,"minecraft:stone":136,"minecraft:oak_leaves":3,"minecraft:fern":1}},"DataVersion":3953}