{"stats":{"minecraft:broken":{"minecraft:stone_sword":1,"minecraft:iron_boots":1,"minecraft:wooden_pickaxe":1,"minecraft:stone_pickaxe":8,"minecraft:stone_axe":1,"minecraft:iron_helmet":1,"minecraft:fishing_rod":1,"minecraft:stone_shovel":4},"minecraft:mined":{"minecraft:granite":51,"minecraft:grass_block":212,"minecraft:decorated_pot":1,"minecraft:redstone_wire":9,"minecraft:hopper":7,"minecraft:oxeye_daisy":2,"minecraft:glowstone":2,"minecraft:furnace":2,"minecraft:iron_ore":46,"minecraft:cobbled_deepslate":4,"minecraft:azure_bluet":1,"minecraft:deepslate_iron_ore":6,"minecraft:stone":765,"minecraft:observer":6,"minecraft:dandelion":2,"minecraft:oak_fence":35,"minecraft:crafting_table":7,"minecraft:torch":1,"minecraft:short_grass":69,"minecraft:poppy":1,"minecraft:chest":2,"minecraft:copper_ore":8,"minecraft:tall_grass":3,"minecraft:cobblestone":34,"minecraft:lapis_ore":3,"minecraft:sugar_cane":59,"minecraft:wall_torch":4,"minecraft:wheat":6,"minecraft:birch_leaves":1,"minecraft:coal_ore":116,"minecraft:oak_log":44,"minecraft:sand":80,"minecraft:gravel":10,"minecraft:dirt":358,"minecraft:cobweb":2,"minecraft:stone_bricks":73,"minecraft:piston":1,"minecraft:oak_leaves":62,"minecraft:deepslate":2},"minecraft:killed_by":{"minecraft:player":1,"minecraft:phantom":1,"minecraft:breeze":1},"minecraft:custom":{"minecraft:mob_kills":219,"minecraft:inspect_hopper":3,"minecraft:interact_with_crafting_table":62,"minecraft:open_barrel":6,"minecraft:leave_game":11,"minecraft:time_since_death":231202,"minecraft:climb_one_cm":67224,"minecraft:sprint_one_cm":986625,"minecraft:walk_one_cm":1855408,"minecraft:damage_blocked_by_shield":595,"minecraft:drop":108,"minecraft:play_time":633665,"minecraft:sneak_time":7135,"minecraft:deaths":4,"minecraft:walk_under_water_one_cm":61494,"minecraft:jump":5736,"minecraft:walk_on_water_one_cm":279573,"minecraft:total_world_time":633665,"minecraft:interact_with_furnace":166,"minecraft:sleep_in_bed":20,"minecraft:time_since_rest":3791,"minecraft:damage_taken":7535,"minecraft:damage_absorbed":79,"minecraft:damage_dealt":13969,"minecraft:swim_one_cm":142362,"minecraft:fly_one_cm":682578,"minecraft:open_chest":147,"minecraft:crouch_one_cm":14720,"minecraft:inspect_dispenser":7,"minecraft:fall_one_cm":128951,"minecraft:fish_caught":93},"minecraft:used":{"minecraft:oak_fence":35,"minecraft:stone_sword":120,"minecraft:stone_shovel":569,"minecraft:redstone":47,"minecraft:ladder":12,"minecraft:chest":4,"minecraft:shield":31,"minecraft:iron_sword":172,"minecraft:stone":6,"minecraft:cooked_salmon":16,"minecraft:cooked_chicken":1,"minecraft:rotten_flesh":15,"minecraft:trial_key":2,"minecraft:torch":50,"minecraft:dirt":338,"minecraft:hopper":9,"minecraft:carrot":1,"minecraft:honey_bottle":2,"minecraft:granite":1,"minecraft:light_gray_stained_glass":12,"minecraft:stone_bricks":267,"minecraft:glowstone":16,"minecraft:golden_carrot":7,"minecraft:bow":65,"minecraft:furnace":4,"minecraft:cooked_cod":31,"minecraft:cooked_beef":18,"minecraft:cobbled_deepslate":38,"minecraft:observer":14,"minecraft:light_gray_bed":1,"minecraft:wheat_seeds":9,"minecraft:cooked_mutton":10,"minecraft:water_bucket":20,"minecraft:baked_potato":3,"minecraft:oak_planks":11,"minecraft:stone_pickaxe":1135,"minecraft:wooden_pickaxe":59,"minecraft:sugar_cane":92,"minecraft:salmon":1,"minecraft:golden_apple":2,"minecraft:sand":27,"minecraft:crafting_table":9,"minecraft:cod":1,"minecraft:piston":30,"minecraft:ominous_trial_key":3,"minecraft:mace":28,"minecraft:wind_charge":24,"minecraft:bread":2,"minecraft:stone_axe":136,"minecraft:fishing_rod":161,"minecraft:potion":2,"minecraft:cobblestone":53,"minecraft:cooked_porkchop":12,"minecraft:bucket":20},"minecraft:crafted":{"minecraft:oak_planks":172,"minecraft:stone_shovel":5,"minecraft:fishing_rod":1,"minecraft:cooked_chicken":1,"minecraft:furnace":2,"minecraft:light_gray_wool":3,"minecraft:piston":31,"minecraft:stone":491,"minecraft:cooked_mutton":10,"minecraft:mace":1,"minecraft:glass":35,"minecraft:bow":5,"minecraft:iron_boots":1,"minecraft:stone_pickaxe":10,"minecraft:chest":2,"minecraft:stone_bricks":348,"minecraft:oak_fence":18,"minecraft:cooked_beef":32,"minecraft:cooked_cod":42,"minecraft:cooked_porkchop":13,"minecraft:crafting_table":5,"minecraft:wooden_pickaxe":1,"minecraft:iron_helmet":1,"minecraft:cooked_salmon":28,"minecraft:bucket":1,"minecraft:stone_axe":2,"minecraft:glowstone":1,"minecraft:bread":2,"minecraft:air":0,"minecraft:light_gray_bed":1,"minecraft:iron_chestplate":1,"minecraft:golden_apple":1,"minecraft:gold_nugget":9,"minecraft:shield":1,"minecraft:stick":76,"minecraft:iron_ingot":52,"minecraft:leather_chestplate":1,"minecraft:stone_sword":1,"minecraft:gold_ingot":1,"minecraft:light_gray_dye":3,"minecraft:torch":44},"minecraft:dropped":{"minecraft:iron_ingot":4,"minecraft:iron_sword":1,"minecraft:wheat_seeds":11,"minecraft:cooked_beef":19,"minecraft:glass_bottle":9,"minecraft:cooked_porkchop":8,"minecraft:decorated_pot":2,"minecraft:oak_fence":1,"minecraft:cobblestone":14,"minecraft:polished_tuff":1,"minecraft:granite":3,"minecraft:ominous_trial_key":2,"minecraft:pufferfish":1,"minecraft:oxeye_daisy":2,"minecraft:mace":2,"minecraft:ink_sac":1,"minecraft:cornflower":1,"minecraft:crimson_roots":1,"minecraft:cooked_cod":5,"minecraft:cooked_salmon":3,"minecraft:waxed_oxidized_copper":3,"minecraft:potion":5,"minecraft:string":2,"minecraft:fishing_rod":2,"minecraft:dandelion":8,"minecraft:gravel":10,"minecraft:stone_axe":2,"minecraft:tuff_bricks":4,"minecraft:sugar_cane":51,"minecraft:ender_chest":1,"minecraft:chiseled_tuff_bricks":2,"minecraft:stone_sword":1,"minecraft:cobbled_deepslate":64,"minecraft:raw_copper":22,"minecraft:raw_iron":23,"minecraft:rotten_flesh":21,"minecraft:iron_boots":1,"minecraft:cooked_mutton":2,"minecraft:azure_bluet":1,"minecraft:salmon":1,"minecraft:poppy":2,"minecraft:iron_chestplate":2,"minecraft:oak_sapling":3,"minecraft:bow":1,"minecraft:stone_pickaxe":5,"minecraft:brick":12},"minecraft:picked_up":{"minecraft:fishing_rod":8,"minecraft:iron_chestplate":5,"minecraft:crafting_table":7,"minecraft:wheat":6,"minecraft:azure_bluet":2,"minecraft:chicken":3,"minecraft:ender_chest":1,"minecraft:ladder":12,"minecraft:enchanted_book":2,"minecraft:potion":9,"minecraft:brick":31,"minecraft:shield":1,"minecraft:wind_charge":24,"minecraft:cornflower":1,"minecraft:string":6,"minecraft:flow_banner_pattern":8,"minecraft:raw_copper":28,"minecraft:cooked_salmon":6,"minecraft:iron_leggings":3,"minecraft:pufferfish":12,"minecraft:cobbled_deepslate":122,"minecraft:beef":32,"minecraft:trial_key":2,"minecraft:observer":14,"minecraft:poppy":2,"minecraft:piston":6,"minecraft:sugar_cane":157,"minecraft:egg":5,"minecraft:chest":3,"minecraft:phantom_membrane":5,"minecraft:waxed_oxidized_copper":4,"minecraft:iron_boots":3,"minecraft:furnace":2,"minecraft:tipped_arrow":94,"minecraft:raw_iron":75,"minecraft:stick":3,"minecraft:stone":6,"minecraft:oak_fence":33,"minecraft:torch":9,"minecraft:bowl":1,"minecraft:fire_charge":8,"minecraft:porkchop":16,"minecraft:mace":4,"minecraft:carrot":1,"minecraft:redstone":23,"minecraft:stone_sword":1,"minecraft:stone_shovel":4,"minecraft:arrow":25,"minecraft:honey_bottle":3,"minecraft:rotten_flesh":47,"minecraft:cooked_cod":3,"minecraft:tropical_fish":1,"minecraft:decorated_pot":4,"minecraft:saddle":1,"minecraft:flow_armor_trim_smithing_template":2,"minecraft:tuff_bricks":8,"minecraft:mutton":4,"minecraft:cod":56,"minecraft:white_wool":2,"minecraft:cobblestone":758,"minecraft:oxeye_daisy":4,"minecraft:nautilus_shell":1,"minecraft:feather":6,"minecraft:cooked_beef":7,"minecraft:golden_carrot":7,"minecraft:salmon":25,"minecraft:leather":15,"minecraft:brown_wool":1,"minecraft:oak_log":43,"minecraft:gunpowder":7,"minecraft:lapis_lazuli":18,"minecraft:dirt":773,"minecraft:cooked_mutton":2,"minecraft:bone":78,"minecraft:apple":1,"minecraft:stone_bricks":62,"minecraft:bow":8,"minecraft:wheat_seeds":26,"minecraft:iron_ingot":7,"minecraft:stone_pickaxe":3,"minecraft:glass_bottle":8,"minecraft:glowstone_dust":6,"minecraft:oak_planks":22,"minecraft:iron_sword":4,"minecraft:scrape_pottery_sherd":2,"minecraft:cooked_porkchop":10,"minecraft:heavy_core":1,"minecraft:dandelion":8,"minecraft:gravel":15,"minecraft:sand":78,"minecraft:ink_sac":4,"minecraft:polished_tuff":2,"minecraft:slime_ball":697,"minecraft:diamond":22,"minecraft:stone_axe":5,"minecraft:granite":28,"minecraft:breeze_rod":4,"minecraft:golden_apple":1,"minecraft:emerald":30,"minecraft:baked_potato":4,"minecraft:oak_sapling":4,"minecraft:hopper":9,"minecraft:ominous_trial_key":6,"minecraft:coal":138,"minecraft:chiseled_tuff_bricks":4,"minecraft:crimson_roots":1},"minecraft:killed":{"minecraft:spider":1,"minecraft:slime":130,"minecraft:phantom":5,"minecraft:skeleton":8,"minecraft:chicken":2,"minecraft:drowned":9,"minecraft:pig":5,"minecraft:creeper":1,"minecraft:squid":1,"minecraft:sheep":3,"minecraft:zombie":35,"minecraft:breeze":2,"minecraft:cow":15}},"DataVersion":3953}