{"stats":{"minecraft:mined":{"minecraft:granite":90,"minecraft:grass_block":1010,"minecraft:light_gray_bed":1,"minecraft:hopper":9,"minecraft:oxeye_daisy":2,"minecraft:glowstone":5,"minecraft:iron_ore":70,"minecraft:cobbled_deepslate":4,"minecraft:azure_bluet":1,"minecraft:clay":2,"minecraft:torch":3,"minecraft:calcite":3,"minecraft:poppy":2,"minecraft:chest":3,"minecraft:cobblestone":49,"minecraft:sugar_cane":59,"minecraft:wall_torch":4,"minecraft:repeater":8,"minecraft:light_gray_stained_glass":2,"minecraft:wheat":6,"minecraft:oak_log":115,"minecraft:sand":121,"minecraft:dirt":1315,"minecraft:piston":2,"minecraft:oak_leaves":100,"minecraft:deepslate":2,"minecraft:ladder":3,"minecraft:stone_button":1,"minecraft:decorated_pot":1,"minecraft:redstone_wire":13,"minecraft:furnace":2,"minecraft:andesite":1,"minecraft:cobblestone_slab":18,"minecraft:deepslate_iron_ore":6,"minecraft:stone":1422,"minecraft:comparator":12,"minecraft:stone_brick_slab":2,"minecraft:observer":6,"minecraft:dandelion":10,"minecraft:oak_fence":35,"minecraft:crafting_table":8,"minecraft:short_grass":284,"minecraft:tall_grass":27,"minecraft:copper_ore":8,"minecraft:lapis_ore":3,"minecraft:diorite":1,"minecraft:redstone_torch":1,"minecraft:birch_leaves":2,"minecraft:coal_ore":211,"minecraft:gravel":18,"minecraft:cobweb":2,"minecraft:stone_bricks":92},"minecraft:broken":{"minecraft:iron_shovel":5,"minecraft:iron_boots":1,"minecraft:iron_leggings":1,"minecraft:stone_pickaxe":12,"minecraft:stone_axe":2,"minecraft:fishing_rod":1,"minecraft:stone_shovel":7,"minecraft:stone_sword":1,"minecraft:wooden_pickaxe":1,"minecraft:iron_pickaxe":1,"minecraft:iron_helmet":2},"minecraft:killed_by":{"minecraft:player":1,"minecraft:skeleton":1,"minecraft:phantom":1,"minecraft:breeze":1},"minecraft:custom":{"minecraft:animals_bred":34,"minecraft:interact_with_crafting_table":87,"minecraft:open_barrel":6,"minecraft:leave_game":15,"minecraft:time_since_death":181742,"minecraft:sprint_one_cm":1744885,"minecraft:damage_blocked_by_shield":1423,"minecraft:drop":186,"minecraft:talked_to_villager":5,"minecraft:play_time":1058364,"minecraft:deaths":5,"minecraft:jump":10385,"minecraft:walk_on_water_one_cm":347391,"minecraft:interact_with_furnace":280,"minecraft:sleep_in_bed":28,"minecraft:open_enderchest":1,"minecraft:damage_dealt":20128,"minecraft:crouch_one_cm":29206,"minecraft:inspect_dispenser":7,"minecraft:inspect_dropper":9,"minecraft:mob_kills":252,"minecraft:inspect_hopper":62,"minecraft:climb_one_cm":93565,"minecraft:walk_one_cm":3519562,"minecraft:sneak_time":12262,"minecraft:walk_under_water_one_cm":111242,"minecraft:total_world_time":1058364,"minecraft:time_since_rest":47628,"minecraft:damage_taken":11751,"minecraft:damage_absorbed":79,"minecraft:swim_one_cm":221232,"minecraft:fly_one_cm":1276638,"minecraft:open_chest":347,"minecraft:fish_caught":113,"minecraft:fall_one_cm":208400},"minecraft:used":{"minecraft:iron_shovel":1309,"minecraft:dispenser":1,"minecraft:ladder":18,"minecraft:chest":5,"minecraft:shield":50,"minecraft:stone":6,"minecraft:iron_sword":172,"minecraft:rotten_flesh":28,"minecraft:carrot":1,"minecraft:honey_bottle":2,"minecraft:lava_bucket":3,"minecraft:hopper_minecart":2,"minecraft:stone_bricks":646,"minecraft:repeater":16,"minecraft:bow":72,"minecraft:furnace":4,"minecraft:cooked_cod":39,"minecraft:egg":3,"minecraft:dropper":2,"minecraft:stone_pickaxe":1563,"minecraft:oak_planks":42,"minecraft:wooden_pickaxe":59,"minecraft:sugar_cane":92,"minecraft:golden_apple":2,"minecraft:sand":31,"minecraft:mace":28,"minecraft:bread":2,"minecraft:stone_button":1,"minecraft:andesite":1,"minecraft:oak_fence":45,"minecraft:stone_sword":120,"minecraft:stone_shovel":932,"minecraft:redstone":67,"minecraft:cooked_salmon":42,"minecraft:cooked_chicken":38,"minecraft:trial_key":2,"minecraft:torch":85,"minecraft:dirt":903,"minecraft:hopper":12,"minecraft:granite":1,"minecraft:stone_brick_slab":5,"minecraft:light_gray_stained_glass":27,"minecraft:iron_axe":148,"minecraft:glowstone":30,"minecraft:golden_carrot":7,"minecraft:cooked_beef":18,"minecraft:cobbled_deepslate":38,"minecraft:observer":14,"minecraft:light_gray_bed":2,"minecraft:wheat_seeds":9,"minecraft:cooked_mutton":10,"minecraft:water_bucket":26,"minecraft:baked_potato":3,"minecraft:cobblestone_slab":295,"minecraft:salmon":7,"minecraft:comparator":16,"minecraft:crafting_table":10,"minecraft:cod":16,"minecraft:piston":31,"minecraft:ominous_trial_key":3,"minecraft:wind_charge":24,"minecraft:iron_pickaxe":503,"minecraft:stone_axe":196,"minecraft:fishing_rod":189,"minecraft:cobblestone":234,"minecraft:potion":2,"minecraft:porkchop":2,"minecraft:cooked_porkchop":12,"minecraft:bucket":29},"minecraft:crafted":{"minecraft:oak_planks":452,"minecraft:cobblestone_slab":384,"minecraft:cooked_chicken":45,"minecraft:stone":803,"minecraft:cooked_mutton":10,"minecraft:mace":1,"minecraft:glass":35,"minecraft:stone_brick_slab":6,"minecraft:bow":5,"minecraft:iron_boots":1,"minecraft:chest":2,"minecraft:stone_bricks":664,"minecraft:oak_fence":18,"minecraft:cooked_porkchop":13,"minecraft:crafting_table":6,"minecraft:wooden_pickaxe":1,"minecraft:iron_helmet":1,"minecraft:light_gray_bed":1,"minecraft:iron_chestplate":1,"minecraft:shield":1,"minecraft:stick":100,"minecraft:leather_chestplate":1,"minecraft:iron_ingot":65,"minecraft:iron_pickaxe":2,"minecraft:stone_sword":1,"minecraft:gold_ingot":1,"minecraft:light_gray_dye":3,"minecraft:stone_shovel":7,"minecraft:fishing_rod":1,"minecraft:stone_button":1,"minecraft:furnace":2,"minecraft:light_gray_wool":3,"minecraft:piston":31,"minecraft:iron_axe":1,"minecraft:ladder":3,"minecraft:stone_pickaxe":13,"minecraft:cooked_beef":32,"minecraft:coal_block":7,"minecraft:cooked_cod":42,"minecraft:cooked_salmon":42,"minecraft:bucket":1,"minecraft:stone_axe":3,"minecraft:glowstone":3,"minecraft:bread":2,"minecraft:air":0,"minecraft:golden_apple":1,"minecraft:gold_nugget":9,"minecraft:iron_shovel":5,"minecraft:torch":60},"minecraft:dropped":{"minecraft:iron_sword":1,"minecraft:cooked_beef":19,"minecraft:glass_bottle":9,"minecraft:cooked_porkchop":8,"minecraft:decorated_pot":2,"minecraft:dirt":1260,"minecraft:mace":2,"minecraft:cornflower":5,"minecraft:crimson_roots":1,"minecraft:cooked_cod":5,"minecraft:sand":37,"minecraft:fishing_rod":3,"minecraft:gravel":16,"minecraft:stone_axe":3,"minecraft:sugar_cane":51,"minecraft:cooked_chicken":10,"minecraft:chiseled_tuff_bricks":2,"minecraft:cobbled_deepslate":64,"minecraft:rotten_flesh":28,"minecraft:cooked_mutton":2,"minecraft:azure_bluet":1,"minecraft:salmon":1,"minecraft:poppy":3,"minecraft:hopper":1,"minecraft:glowstone":28,"minecraft:ladder":1,"minecraft:egg":5,"minecraft:iron_ingot":4,"minecraft:wheat_seeds":25,"minecraft:oak_fence":1,"minecraft:lead":2,"minecraft:cobblestone":21,"minecraft:polished_tuff":1,"minecraft:granite":56,"minecraft:tropical_fish":1,"minecraft:ominous_trial_key":2,"minecraft:grass_block":1,"minecraft:pufferfish":7,"minecraft:oxeye_daisy":2,"minecraft:diorite":1,"minecraft:ink_sac":1,"minecraft:cooked_salmon":3,"minecraft:light_gray_stained_glass":71,"minecraft:waxed_oxidized_copper":3,"minecraft:potion":5,"minecraft:iron_shovel":1,"minecraft:string":6,"minecraft:dandelion":23,"minecraft:tuff_bricks":4,"minecraft:ender_chest":1,"minecraft:stone_sword":1,"minecraft:raw_copper":22,"minecraft:bowl":1,"minecraft:raw_iron":23,"minecraft:iron_boots":1,"minecraft:cobblestone_slab":64,"minecraft:shield":1,"minecraft:iron_chestplate":2,"minecraft:oak_sapling":4,"minecraft:redstone_torch":1,"minecraft:spider_eye":1,"minecraft:bow":2,"minecraft:stone_pickaxe":5,"minecraft:calcite":3,"minecraft:nautilus_shell":1,"minecraft:brick":12},"minecraft:picked_up":{"minecraft:iron_chestplate":6,"minecraft:wheat":6,"minecraft:ender_chest":1,"minecraft:lead":5,"minecraft:potion":9,"minecraft:enchanted_book":2,"minecraft:string":38,"minecraft:raw_copper":28,"minecraft:cooked_salmon":16,"minecraft:iron_leggings":4,"minecraft:pufferfish":17,"minecraft:cobbled_deepslate":122,"minecraft:comparator":14,"minecraft:bucket":1,"minecraft:trial_key":2,"minecraft:redstone_torch":1,"minecraft:cobblestone_slab":20,"minecraft:calcite":3,"minecraft:hopper_minecart":2,"minecraft:iron_boots":4,"minecraft:furnace":2,"minecraft:tipped_arrow":94,"minecraft:stick":16,"minecraft:oak_fence":33,"minecraft:torch":39,"minecraft:porkchop":17,"minecraft:diorite":1,"minecraft:stone_sword":1,"minecraft:honey_bottle":3,"minecraft:light_gray_bed":1,"minecraft:rotten_flesh":61,"minecraft:tropical_fish":1,"minecraft:cod":69,"minecraft:cobblestone":1532,"minecraft:nautilus_shell":1,"minecraft:feather":6,"minecraft:cooked_beef":7,"minecraft:repeater":12,"minecraft:andesite":1,"minecraft:brown_wool":1,"minecraft:lapis_lazuli":18,"minecraft:dirt":2463,"minecraft:bone":107,"minecraft:bow":10,"minecraft:wheat_seeds":172,"minecraft:glowstone_dust":14,"minecraft:scrape_pottery_sherd":2,"minecraft:oak_planks":22,"minecraft:cooked_porkchop":10,"minecraft:sand":156,"minecraft:ink_sac":4,"minecraft:grass_block":2,"minecraft:diamond":22,"minecraft:granite":81,"minecraft:breeze_rod":4,"minecraft:golden_apple":1,"minecraft:emerald":30,"minecraft:oak_sapling":7,"minecraft:ominous_trial_key":6,"minecraft:crimson_roots":1,"minecraft:fishing_rod":9,"minecraft:crafting_table":7,"minecraft:azure_bluet":2,"minecraft:chicken":25,"minecraft:ladder":18,"minecraft:clay_ball":4,"minecraft:brick":31,"minecraft:shield":3,"minecraft:wind_charge":36,"minecraft:cornflower":5,"minecraft:flow_banner_pattern":9,"minecraft:iron_shovel":1,"minecraft:beef":32,"minecraft:observer":14,"minecraft:poppy":3,"minecraft:sugar_cane":157,"minecraft:chest":4,"minecraft:piston":6,"minecraft:phantom_membrane":9,"minecraft:waxed_oxidized_copper":4,"minecraft:egg":12,"minecraft:raw_iron":98,"minecraft:stone":6,"minecraft:bowl":1,"minecraft:fire_charge":8,"minecraft:mace":4,"minecraft:stone_button":2,"minecraft:cookie":96,"minecraft:carrot":1,"minecraft:redstone":35,"minecraft:arrow":34,"minecraft:stone_shovel":4,"minecraft:cooked_cod":3,"minecraft:decorated_pot":4,"minecraft:saddle":1,"minecraft:flow_armor_trim_smithing_template":2,"minecraft:tuff_bricks":8,"minecraft:mutton":4,"minecraft:white_wool":2,"minecraft:oxeye_daisy":4,"minecraft:golden_carrot":7,"minecraft:salmon":27,"minecraft:leather":16,"minecraft:oak_log":113,"minecraft:gunpowder":7,"minecraft:cooked_mutton":2,"minecraft:apple":1,"minecraft:stone_bricks":142,"minecraft:iron_ingot":7,"minecraft:stone_pickaxe":4,"minecraft:cooked_chicken":44,"minecraft:glass_bottle":8,"minecraft:iron_sword":4,"minecraft:light_gray_stained_glass":71,"minecraft:heavy_core":1,"minecraft:stone_brick_slab":6,"minecraft:dandelion":25,"minecraft:gravel":23,"minecraft:polished_tuff":2,"minecraft:spider_eye":3,"minecraft:slime_ball":697,"minecraft:stone_axe":6,"minecraft:iron_helmet":1,"minecraft:baked_potato":4,"minecraft:coal":237,"minecraft:chiseled_tuff_bricks":4,"minecraft:hopper":11},"minecraft:killed":{"minecraft:spider":4,"minecraft:skeleton":14,"minecraft:chicken":3,"minecraft:pig":5,"minecraft:creeper":1,"minecraft:sheep":3,"minecraft:zombie":46,"minecraft:cow":15,"minecraft:slime":130,"minecraft:phantom":11,"minecraft:drowned":12,"minecraft:bat":1,"minecraft:squid":1,"minecraft:breeze":2,"minecraft:enderman":1}},"DataVersion":3953}