{"stats":{"minecraft:broken":{"minecraft:stone_sword":1,"minecraft:iron_boots":1,"minecraft:wooden_pickaxe":1,"minecraft:stone_pickaxe":6,"minecraft:stone_axe":1,"minecraft:iron_helmet":1,"minecraft:stone_shovel":3},"minecraft:mined":{"minecraft:granite":27,"minecraft:grass_block":154,"minecraft:decorated_pot":1,"minecraft:redstone_wire":8,"minecraft:hopper":7,"minecraft:oxeye_daisy":2,"minecraft:furnace":2,"minecraft:cobbled_deepslate":3,"minecraft:azure_bluet":1,"minecraft:stone":637,"minecraft:observer":5,"minecraft:dandelion":2,"minecraft:oak_fence":35,"minecraft:crafting_table":6,"minecraft:short_grass":67,"minecraft:poppy":1,"minecraft:chest":2,"minecraft:copper_ore":8,"minecraft:tall_grass":3,"minecraft:cobblestone":18,"minecraft:sugar_cane":49,"minecraft:wall_torch":4,"minecraft:birch_leaves":1,"minecraft:oak_log":44,"minecraft:coal_ore":110,"minecraft:sand":68,"minecraft:gravel":8,"minecraft:dirt":275,"minecraft:cobweb":2,"minecraft:piston":1,"minecraft:oak_leaves":62},"minecraft:killed_by":{"minecraft:player":1,"minecraft:phantom":1,"minecraft:breeze":1},"minecraft:custom":{"minecraft:mob_kills":201,"minecraft:inspect_hopper":3,"minecraft:interact_with_crafting_table":48,"minecraft:open_barrel":6,"minecraft:leave_game":7,"minecraft:time_since_death":33428,"minecraft:climb_one_cm":46800,"minecraft:sprint_one_cm":798812,"minecraft:walk_one_cm":1435658,"minecraft:damage_blocked_by_shield":595,"minecraft:drop":97,"minecraft:play_time":435891,"minecraft:sneak_time":4158,"minecraft:deaths":4,"minecraft:walk_under_water_one_cm":36966,"minecraft:jump":4504,"minecraft:walk_on_water_one_cm":211108,"minecraft:total_world_time":435891,"minecraft:interact_with_furnace":123,"minecraft:sleep_in_bed":12,"minecraft:time_since_rest":15662,"minecraft:damage_taken":5872,"minecraft:damage_absorbed":79,"minecraft:damage_dealt":10816,"minecraft:swim_one_cm":93752,"minecraft:fly_one_cm":525065,"minecraft:open_chest":94,"minecraft:crouch_one_cm":9223,"minecraft:inspect_dispenser":7,"minecraft:fall_one_cm":108124,"minecraft:fish_caught":27},"minecraft:used":{"minecraft:oak_fence":35,"minecraft:stone_sword":120,"minecraft:stone_shovel":438,"minecraft:redstone":22,"minecraft:ladder":12,"minecraft:chest":4,"minecraft:shield":31,"minecraft:iron_sword":141,"minecraft:cooked_salmon":8,"minecraft:rotten_flesh":14,"minecraft:trial_key":2,"minecraft:torch":35,"minecraft:dirt":294,"minecraft:hopper":9,"minecraft:carrot":1,"minecraft:honey_bottle":2,"minecraft:stone_bricks":141,"minecraft:glowstone":4,"minecraft:golden_carrot":7,"minecraft:bow":57,"minecraft:furnace":4,"minecraft:cooked_cod":10,"minecraft:cooked_beef":17,"minecraft:cobbled_deepslate":38,"minecraft:observer":9,"minecraft:light_gray_bed":1,"minecraft:cooked_mutton":10,"minecraft:baked_potato":3,"minecraft:oak_planks":11,"minecraft:stone_pickaxe":813,"minecraft:wooden_pickaxe":59,"minecraft:sugar_cane":62,"minecraft:golden_apple":2,"minecraft:sand":27,"minecraft:crafting_table":8,"minecraft:piston":6,"minecraft:ominous_trial_key":3,"minecraft:mace":28,"minecraft:wind_charge":24,"minecraft:stone_axe":107,"minecraft:fishing_rod":63,"minecraft:cobblestone":42,"minecraft:potion":2,"minecraft:cooked_porkchop":12},"minecraft:crafted":{"minecraft:oak_planks":172,"minecraft:stone_shovel":5,"minecraft:fishing_rod":1,"minecraft:furnace":2,"minecraft:light_gray_wool":3,"minecraft:stone":356,"minecraft:cooked_mutton":10,"minecraft:mace":1,"minecraft:glass":35,"minecraft:bow":5,"minecraft:stone_pickaxe":8,"minecraft:chest":2,"minecraft:stone_bricks":348,"minecraft:oak_fence":18,"minecraft:cooked_beef":32,"minecraft:cooked_cod":13,"minecraft:cooked_porkchop":13,"minecraft:crafting_table":5,"minecraft:wooden_pickaxe":1,"minecraft:cooked_salmon":15,"minecraft:stone_axe":2,"minecraft:air":0,"minecraft:light_gray_bed":1,"minecraft:golden_apple":1,"minecraft:gold_nugget":9,"minecraft:shield":1,"minecraft:stick":60,"minecraft:leather_chestplate":1,"minecraft:stone_sword":1,"minecraft:gold_ingot":1,"minecraft:light_gray_dye":3,"minecraft:torch":32},"minecraft:dropped":{"minecraft:iron_ingot":4,"minecraft:wheat_seeds":11,"minecraft:cooked_beef":19,"minecraft:glass_bottle":9,"minecraft:cooked_porkchop":8,"minecraft:decorated_pot":2,"minecraft:oak_fence":1,"minecraft:cobblestone":14,"minecraft:polished_tuff":1,"minecraft:granite":3,"minecraft:ominous_trial_key":2,"minecraft:pufferfish":1,"minecraft:oxeye_daisy":2,"minecraft:mace":2,"minecraft:ink_sac":1,"minecraft:cornflower":1,"minecraft:crimson_roots":1,"minecraft:cooked_cod":5,"minecraft:cooked_salmon":3,"minecraft:waxed_oxidized_copper":3,"minecraft:potion":4,"minecraft:string":2,"minecraft:fishing_rod":1,"minecraft:dandelion":8,"minecraft:gravel":10,"minecraft:tuff_bricks":4,"minecraft:sugar_cane":51,"minecraft:chiseled_tuff_bricks":2,"minecraft:stone_sword":1,"minecraft:cobbled_deepslate":64,"minecraft:raw_copper":22,"minecraft:rotten_flesh":18,"minecraft:cooked_mutton":2,"minecraft:azure_bluet":1,"minecraft:salmon":1,"minecraft:poppy":2,"minecraft:iron_chestplate":2,"minecraft:oak_sapling":3,"minecraft:stone_pickaxe":4,"minecraft:brick":12},"minecraft:picked_up":{"minecraft:fishing_rod":4,"minecraft:crafting_table":6,"minecraft:iron_chestplate":5,"minecraft:azure_bluet":2,"minecraft:chicken":3,"minecraft:ladder":12,"minecraft:potion":8,"minecraft:enchanted_book":2,"minecraft:shield":1,"minecraft:brick":31,"minecraft:wind_charge":24,"minecraft:cornflower":1,"minecraft:string":4,"minecraft:flow_banner_pattern":8,"minecraft:raw_copper":28,"minecraft:cooked_salmon":6,"minecraft:iron_leggings":3,"minecraft:pufferfish":5,"minecraft:cobbled_deepslate":120,"minecraft:beef":32,"minecraft:trial_key":2,"minecraft:observer":13,"minecraft:poppy":2,"minecraft:sugar_cane":130,"minecraft:chest":3,"minecraft:furnace":2,"minecraft:piston":6,"minecraft:phantom_membrane":2,"minecraft:waxed_oxidized_copper":4,"minecraft:iron_boots":2,"minecraft:egg":4,"minecraft:tipped_arrow":94,"minecraft:stick":3,"minecraft:stone":6,"minecraft:oak_fence":33,"minecraft:torch":6,"minecraft:fire_charge":8,"minecraft:porkchop":13,"minecraft:mace":4,"minecraft:carrot":1,"minecraft:redstone":22,"minecraft:stone_sword":1,"minecraft:stone_shovel":4,"minecraft:arrow":23,"minecraft:honey_bottle":3,"minecraft:rotten_flesh":42,"minecraft:cooked_cod":3,"minecraft:decorated_pot":4,"minecraft:flow_armor_trim_smithing_template":2,"minecraft:tuff_bricks":8,"minecraft:mutton":4,"minecraft:cod":16,"minecraft:white_wool":2,"minecraft:cobblestone":660,"minecraft:oxeye_daisy":4,"minecraft:feather":6,"minecraft:cooked_beef":7,"minecraft:golden_carrot":7,"minecraft:salmon":7,"minecraft:brown_wool":1,"minecraft:leather":14,"minecraft:oak_log":43,"minecraft:dirt":638,"minecraft:cooked_mutton":2,"minecraft:bone":76,"minecraft:apple":1,"minecraft:bow":7,"minecraft:wheat_seeds":11,"minecraft:iron_ingot":7,"minecraft:stone_pickaxe":3,"minecraft:glass_bottle":8,"minecraft:iron_sword":4,"minecraft:oak_planks":22,"minecraft:scrape_pottery_sherd":2,"minecraft:cooked_porkchop":10,"minecraft:heavy_core":1,"minecraft:dandelion":8,"minecraft:gravel":15,"minecraft:sand":66,"minecraft:ink_sac":4,"minecraft:polished_tuff":2,"minecraft:slime_ball":697,"minecraft:diamond":2,"minecraft:stone_axe":3,"minecraft:granite":27,"minecraft:breeze_rod":4,"minecraft:golden_apple":1,"minecraft:emerald":30,"minecraft:baked_potato":4,"minecraft:oak_sapling":4,"minecraft:hopper":9,"minecraft:ominous_trial_key":6,"minecraft:coal":132,"minecraft:chiseled_tuff_bricks":4,"minecraft:crimson_roots":1},"minecraft:killed":{"minecraft:slime":130,"minecraft:skeleton":6,"minecraft:chicken":2,"minecraft:drowned":7,"minecraft:pig":5,"minecraft:squid":1,"minecraft:sheep":3,"minecraft:zombie":28,"minecraft:breeze":2,"minecraft:cow":15}},"DataVersion":3953}