{"stats":{"minecraft:mined":{"minecraft:granite":85,"minecraft:grass_block":948,"minecraft:light_gray_bed":1,"minecraft:hopper":8,"minecraft:oxeye_daisy":2,"minecraft:glowstone":5,"minecraft:iron_ore":46,"minecraft:cobbled_deepslate":4,"minecraft:azure_bluet":1,"minecraft:clay":2,"minecraft:torch":2,"minecraft:poppy":2,"minecraft:chest":3,"minecraft:cobblestone":39,"minecraft:sugar_cane":59,"minecraft:wall_torch":4,"minecraft:repeater":8,"minecraft:light_gray_stained_glass":2,"minecraft:wheat":6,"minecraft:oak_log":44,"minecraft:sand":121,"minecraft:dirt":1247,"minecraft:piston":2,"minecraft:oak_leaves":65,"minecraft:deepslate":2,"minecraft:ladder":3,"minecraft:stone_button":1,"minecraft:decorated_pot":1,"minecraft:redstone_wire":13,"minecraft:furnace":2,"minecraft:deepslate_iron_ore":6,"minecraft:stone":1279,"minecraft:comparator":12,"minecraft:stone_brick_slab":2,"minecraft:observer":6,"minecraft:dandelion":9,"minecraft:oak_fence":35,"minecraft:crafting_table":7,"minecraft:short_grass":283,"minecraft:tall_grass":27,"minecraft:copper_ore":8,"minecraft:lapis_ore":3,"minecraft:redstone_torch":1,"minecraft:birch_leaves":1,"minecraft:coal_ore":116,"minecraft:gravel":16,"minecraft:cobweb":2,"minecraft:stone_bricks":85},"minecraft:broken":{"minecraft:iron_shovel":5,"minecraft:iron_boots":1,"minecraft:iron_leggings":1,"minecraft:stone_pickaxe":11,"minecraft:stone_axe":2,"minecraft:fishing_rod":1,"minecraft:stone_shovel":7,"minecraft:stone_sword":1,"minecraft:wooden_pickaxe":1,"minecraft:iron_pickaxe":1,"minecraft:iron_helmet":1},"minecraft:killed_by":{"minecraft:player":1,"minecraft:skeleton":1,"minecraft:phantom":1,"minecraft:breeze":1},"minecraft:custom":{"minecraft:animals_bred":15,"minecraft:interact_with_crafting_table":77,"minecraft:open_barrel":6,"minecraft:leave_game":12,"minecraft:time_since_death":14605,"minecraft:sprint_one_cm":1406394,"minecraft:damage_blocked_by_shield":595,"minecraft:drop":167,"minecraft:talked_to_villager":5,"minecraft:play_time":891227,"minecraft:deaths":5,"minecraft:jump":8245,"minecraft:walk_on_water_one_cm":332646,"minecraft:interact_with_furnace":190,"minecraft:sleep_in_bed":27,"minecraft:open_enderchest":1,"minecraft:damage_dealt":17504,"minecraft:crouch_one_cm":24202,"minecraft:inspect_dispenser":7,"minecraft:inspect_dropper":2,"minecraft:mob_kills":236,"minecraft:inspect_hopper":10,"minecraft:climb_one_cm":83844,"minecraft:walk_one_cm":2942668,"minecraft:sneak_time":10822,"minecraft:walk_under_water_one_cm":98669,"minecraft:total_world_time":891227,"minecraft:time_since_rest":14655,"minecraft:damage_taken":9530,"minecraft:damage_absorbed":79,"minecraft:swim_one_cm":185308,"minecraft:fly_one_cm":1047039,"minecraft:open_chest":271,"minecraft:fish_caught":96,"minecraft:fall_one_cm":172227},"minecraft:used":{"minecraft:iron_shovel":1309,"minecraft:dispenser":1,"minecraft:ladder":18,"minecraft:chest":5,"minecraft:shield":31,"minecraft:stone":6,"minecraft:iron_sword":172,"minecraft:rotten_flesh":28,"minecraft:carrot":1,"minecraft:honey_bottle":2,"minecraft:lava_bucket":3,"minecraft:hopper_minecart":2,"minecraft:stone_bricks":387,"minecraft:repeater":16,"minecraft:bow":65,"minecraft:furnace":4,"minecraft:cooked_cod":39,"minecraft:egg":2,"minecraft:dropper":2,"minecraft:stone_pickaxe":1477,"minecraft:oak_planks":11,"minecraft:wooden_pickaxe":59,"minecraft:sugar_cane":92,"minecraft:golden_apple":2,"minecraft:sand":31,"minecraft:mace":28,"minecraft:bread":2,"minecraft:stone_button":1,"minecraft:oak_fence":35,"minecraft:stone_sword":120,"minecraft:stone_shovel":932,"minecraft:redstone":67,"minecraft:cooked_salmon":35,"minecraft:cooked_chicken":4,"minecraft:trial_key":2,"minecraft:torch":57,"minecraft:dirt":903,"minecraft:hopper":12,"minecraft:granite":1,"minecraft:stone_brick_slab":5,"minecraft:light_gray_stained_glass":27,"minecraft:glowstone":21,"minecraft:golden_carrot":7,"minecraft:cooked_beef":18,"minecraft:cobbled_deepslate":38,"minecraft:observer":14,"minecraft:light_gray_bed":2,"minecraft:wheat_seeds":9,"minecraft:cooked_mutton":10,"minecraft:water_bucket":20,"minecraft:baked_potato":3,"minecraft:salmon":5,"minecraft:comparator":16,"minecraft:crafting_table":10,"minecraft:cod":11,"minecraft:piston":31,"minecraft:ominous_trial_key":3,"minecraft:wind_charge":24,"minecraft:iron_pickaxe":257,"minecraft:stone_axe":189,"minecraft:fishing_rod":169,"minecraft:cobblestone":97,"minecraft:potion":2,"minecraft:cooked_porkchop":12,"minecraft:porkchop":2,"minecraft:bucket":23},"minecraft:crafted":{"minecraft:oak_planks":172,"minecraft:cooked_chicken":14,"minecraft:stone":611,"minecraft:cooked_mutton":10,"minecraft:mace":1,"minecraft:glass":35,"minecraft:stone_brick_slab":6,"minecraft:bow":5,"minecraft:iron_boots":1,"minecraft:chest":2,"minecraft:stone_bricks":472,"minecraft:oak_fence":18,"minecraft:cooked_porkchop":13,"minecraft:crafting_table":6,"minecraft:iron_helmet":1,"minecraft:wooden_pickaxe":1,"minecraft:light_gray_bed":1,"minecraft:iron_chestplate":1,"minecraft:shield":1,"minecraft:stick":100,"minecraft:leather_chestplate":1,"minecraft:iron_ingot":52,"minecraft:iron_pickaxe":1,"minecraft:stone_sword":1,"minecraft:gold_ingot":1,"minecraft:light_gray_dye":3,"minecraft:stone_shovel":7,"minecraft:fishing_rod":1,"minecraft:stone_button":1,"minecraft:furnace":2,"minecraft:light_gray_wool":3,"minecraft:piston":31,"minecraft:ladder":3,"minecraft:stone_pickaxe":13,"minecraft:cooked_beef":32,"minecraft:cooked_cod":42,"minecraft:cooked_salmon":42,"minecraft:bucket":1,"minecraft:stone_axe":3,"minecraft:glowstone":3,"minecraft:bread":2,"minecraft:air":0,"minecraft:golden_apple":1,"minecraft:gold_nugget":9,"minecraft:iron_shovel":5,"minecraft:torch":44},"minecraft:dropped":{"minecraft:iron_sword":1,"minecraft:cooked_beef":19,"minecraft:glass_bottle":9,"minecraft:cooked_porkchop":8,"minecraft:decorated_pot":2,"minecraft:dirt":1202,"minecraft:mace":2,"minecraft:cornflower":5,"minecraft:crimson_roots":1,"minecraft:cooked_cod":5,"minecraft:fishing_rod":3,"minecraft:gravel":16,"minecraft:stone_axe":2,"minecraft:sugar_cane":51,"minecraft:chiseled_tuff_bricks":2,"minecraft:cobbled_deepslate":64,"minecraft:rotten_flesh":24,"minecraft:cooked_mutton":2,"minecraft:azure_bluet":1,"minecraft:salmon":1,"minecraft:poppy":3,"minecraft:glowstone":28,"minecraft:ladder":1,"minecraft:egg":5,"minecraft:iron_ingot":4,"minecraft:wheat_seeds":24,"minecraft:oak_fence":1,"minecraft:lead":2,"minecraft:cobblestone":14,"minecraft:polished_tuff":1,"minecraft:granite":51,"minecraft:tropical_fish":1,"minecraft:ominous_trial_key":2,"minecraft:pufferfish":7,"minecraft:oxeye_daisy":2,"minecraft:ink_sac":1,"minecraft:cooked_salmon":3,"minecraft:light_gray_stained_glass":71,"minecraft:waxed_oxidized_copper":3,"minecraft:potion":5,"minecraft:iron_shovel":1,"minecraft:string":6,"minecraft:dandelion":23,"minecraft:tuff_bricks":4,"minecraft:ender_chest":1,"minecraft:stone_sword":1,"minecraft:raw_copper":22,"minecraft:bowl":1,"minecraft:raw_iron":23,"minecraft:iron_boots":1,"minecraft:iron_chestplate":2,"minecraft:oak_sapling":3,"minecraft:redstone_torch":1,"minecraft:spider_eye":1,"minecraft:bow":2,"minecraft:stone_pickaxe":5,"minecraft:nautilus_shell":1,"minecraft:brick":12},"minecraft:picked_up":{"minecraft:iron_chestplate":6,"minecraft:wheat":6,"minecraft:ender_chest":1,"minecraft:lead":5,"minecraft:potion":9,"minecraft:enchanted_book":2,"minecraft:string":38,"minecraft:raw_copper":28,"minecraft:cooked_salmon":16,"minecraft:iron_leggings":3,"minecraft:pufferfish":12,"minecraft:cobbled_deepslate":122,"minecraft:comparator":14,"minecraft:bucket":1,"minecraft:trial_key":2,"minecraft:redstone_torch":1,"minecraft:hopper_minecart":2,"minecraft:iron_boots":4,"minecraft:furnace":2,"minecraft:tipped_arrow":94,"minecraft:stick":5,"minecraft:oak_fence":33,"minecraft:torch":14,"minecraft:porkchop":17,"minecraft:stone_sword":1,"minecraft:honey_bottle":3,"minecraft:rotten_flesh":54,"minecraft:light_gray_bed":1,"minecraft:tropical_fish":1,"minecraft:cod":59,"minecraft:cobblestone":1389,"minecraft:nautilus_shell":1,"minecraft:feather":6,"minecraft:cooked_beef":7,"minecraft:repeater":12,"minecraft:brown_wool":1,"minecraft:lapis_lazuli":18,"minecraft:dirt":2344,"minecraft:bone":103,"minecraft:bow":10,"minecraft:wheat_seeds":78,"minecraft:glowstone_dust":14,"minecraft:scrape_pottery_sherd":2,"minecraft:oak_planks":22,"minecraft:cooked_porkchop":10,"minecraft:sand":156,"minecraft:ink_sac":4,"minecraft:grass_block":2,"minecraft:diamond":22,"minecraft:granite":76,"minecraft:breeze_rod":4,"minecraft:golden_apple":1,"minecraft:emerald":30,"minecraft:oak_sapling":4,"minecraft:ominous_trial_key":6,"minecraft:crimson_roots":1,"minecraft:fishing_rod":9,"minecraft:crafting_table":7,"minecraft:azure_bluet":2,"minecraft:chicken":3,"minecraft:ladder":18,"minecraft:clay_ball":4,"minecraft:brick":31,"minecraft:shield":1,"minecraft:wind_charge":36,"minecraft:cornflower":5,"minecraft:flow_banner_pattern":9,"minecraft:iron_shovel":1,"minecraft:beef":32,"minecraft:observer":14,"minecraft:poppy":3,"minecraft:sugar_cane":157,"minecraft:chest":4,"minecraft:piston":6,"minecraft:phantom_membrane":8,"minecraft:waxed_oxidized_copper":4,"minecraft:egg":11,"minecraft:raw_iron":75,"minecraft:stone":6,"minecraft:bowl":1,"minecraft:fire_charge":8,"minecraft:mace":4,"minecraft:stone_button":2,"minecraft:carrot":1,"minecraft:redstone":35,"minecraft:arrow":27,"minecraft:stone_shovel":4,"minecraft:cooked_cod":3,"minecraft:decorated_pot":4,"minecraft:saddle":1,"minecraft:flow_armor_trim_smithing_template":2,"minecraft:tuff_bricks":8,"minecraft:mutton":4,"minecraft:white_wool":2,"minecraft:oxeye_daisy":4,"minecraft:golden_carrot":7,"minecraft:salmon":25,"minecraft:leather":16,"minecraft:oak_log":43,"minecraft:gunpowder":7,"minecraft:cooked_mutton":2,"minecraft:apple":1,"minecraft:stone_bricks":135,"minecraft:iron_ingot":7,"minecraft:stone_pickaxe":4,"minecraft:cooked_chicken":12,"minecraft:glass_bottle":8,"minecraft:iron_sword":4,"minecraft:light_gray_stained_glass":71,"minecraft:heavy_core":1,"minecraft:stone_brick_slab":6,"minecraft:dandelion":25,"minecraft:gravel":21,"minecraft:polished_tuff":2,"minecraft:spider_eye":3,"minecraft:slime_ball":697,"minecraft:stone_axe":6,"minecraft:iron_helmet":1,"minecraft:baked_potato":4,"minecraft:coal":142,"minecraft:chiseled_tuff_bricks":4,"minecraft:hopper":10},"minecraft:killed":{"minecraft:spider":4,"minecraft:skeleton":9,"minecraft:chicken":3,"minecraft:pig":5,"minecraft:creeper":1,"minecraft:sheep":3,"minecraft:zombie":40,"minecraft:cow":15,"minecraft:slime":130,"minecraft:phantom":8,"minecraft:drowned":11,"minecraft:squid":1,"minecraft:breeze":2,"minecraft:enderman":1}},"DataVersion":3953}