{"stats":{"minecraft:broken":{"minecraft:iron_shovel":5,"minecraft:iron_boots":2,"minecraft:iron_leggings":1,"minecraft:stone_pickaxe":12,"minecraft:stone_axe":2,"minecraft:fishing_rod":2,"minecraft:stone_shovel":7,"minecraft:stone_sword":1,"minecraft:wooden_pickaxe":1,"minecraft:iron_axe":1,"minecraft:iron_pickaxe":2,"minecraft:iron_helmet":2},"minecraft:mined":{"minecraft:large_amethyst_bud":1,"minecraft:granite":90,"minecraft:grass_block":1015,"minecraft:light_gray_bed":1,"minecraft:coal_block":2,"minecraft:hopper":9,"minecraft:oxeye_daisy":2,"minecraft:glowstone":6,"minecraft:fire":13,"minecraft:iron_ore":70,"minecraft:cobbled_deepslate":4,"minecraft:azure_bluet":1,"minecraft:medium_amethyst_bud":1,"minecraft:clay":2,"minecraft:torch":3,"minecraft:calcite":4,"minecraft:poppy":3,"minecraft:chest":3,"minecraft:cobblestone":49,"minecraft:oak_planks":1,"minecraft:sugar_cane":59,"minecraft:wall_torch":4,"minecraft:amethyst_block":2,"minecraft:repeater":8,"minecraft:light_gray_stained_glass":2,"minecraft:wheat":6,"minecraft:oak_log":116,"minecraft:sand":121,"minecraft:dirt":1324,"minecraft:smooth_basalt":1,"minecraft:piston":2,"minecraft:oak_leaves":100,"minecraft:deepslate":2,"minecraft:ladder":3,"minecraft:stone_button":1,"minecraft:decorated_pot":1,"minecraft:redstone_wire":13,"minecraft:furnace":2,"minecraft:andesite":1,"minecraft:cobblestone_slab":24,"minecraft:deepslate_iron_ore":6,"minecraft:bamboo":8,"minecraft:stone":1422,"minecraft:podzol":2,"minecraft:comparator":12,"minecraft:stone_brick_slab":2,"minecraft:observer":6,"minecraft:dandelion":13,"minecraft:oak_fence":42,"minecraft:crafting_table":8,"minecraft:cornflower":1,"minecraft:short_grass":288,"minecraft:tall_grass":27,"minecraft:copper_ore":8,"minecraft:lapis_ore":3,"minecraft:diorite":1,"minecraft:redstone_torch":1,"minecraft:spruce_log":1,"minecraft:birch_leaves":2,"minecraft:coal_ore":211,"minecraft:gravel":18,"minecraft:cobweb":2,"minecraft:stone_bricks":92},"minecraft:killed_by":{"minecraft:player":1,"minecraft:skeleton":1,"minecraft:phantom":1,"minecraft:breeze":1},"minecraft:custom":{"minecraft:animals_bred":36,"minecraft:interact_with_crafting_table":95,"minecraft:open_barrel":7,"minecraft:leave_game":15,"minecraft:time_since_death":241742,"minecraft:sprint_one_cm":1892859,"minecraft:damage_blocked_by_shield":1423,"minecraft:drop":203,"minecraft:talked_to_villager":5,"minecraft:play_time":1118364,"minecraft:deaths":5,"minecraft:jump":11201,"minecraft:walk_on_water_one_cm":369359,"minecraft:interact_with_furnace":286,"minecraft:sleep_in_bed":28,"minecraft:open_enderchest":1,"minecraft:damage_dealt":22652,"minecraft:crouch_one_cm":32647,"minecraft:use_cauldron":1,"minecraft:inspect_dispenser":7,"minecraft:inspect_dropper":9,"minecraft:mob_kills":265,"minecraft:inspect_hopper":64,"minecraft:climb_one_cm":95476,"minecraft:walk_one_cm":3709580,"minecraft:sneak_time":15221,"minecraft:walk_under_water_one_cm":129601,"minecraft:total_world_time":1118364,"minecraft:time_since_rest":107628,"minecraft:damage_taken":13265,"minecraft:damage_absorbed":79,"minecraft:swim_one_cm":251273,"minecraft:fly_one_cm":1387377,"minecraft:open_chest":370,"minecraft:fish_caught":115,"minecraft:fall_one_cm":219502},"minecraft:used":{"minecraft:iron_shovel":1309,"minecraft:dispenser":1,"minecraft:ladder":18,"minecraft:chest":6,"minecraft:shield":50,"minecraft:stone":6,"minecraft:iron_sword":172,"minecraft:rotten_flesh":28,"minecraft:carrot":1,"minecraft:honey_bottle":2,"minecraft:lava_bucket":6,"minecraft:hopper_minecart":2,"minecraft:stone_bricks":646,"minecraft:repeater":16,"minecraft:bow":73,"minecraft:oak_sapling":1,"minecraft:furnace":4,"minecraft:cooked_cod":39,"minecraft:egg":3,"minecraft:dropper":2,"minecraft:stone_pickaxe":1563,"minecraft:oak_planks":48,"minecraft:wooden_pickaxe":61,"minecraft:sugar_cane":92,"minecraft:golden_apple":2,"minecraft:sand":31,"minecraft:lightning_rod":1,"minecraft:mace":28,"minecraft:bread":2,"minecraft:stone_button":1,"minecraft:coal_block":2,"minecraft:andesite":1,"minecraft:bone_meal":11,"minecraft:oak_fence":55,"minecraft:stone_sword":120,"minecraft:stone_shovel":932,"minecraft:redstone":67,"minecraft:cooked_salmon":42,"minecraft:cooked_chicken":64,"minecraft:trial_key":2,"minecraft:torch":85,"minecraft:spyglass":47,"minecraft:dirt":905,"minecraft:hopper":12,"minecraft:granite":1,"minecraft:stone_brick_slab":5,"minecraft:light_gray_stained_glass":27,"minecraft:iron_axe":232,"minecraft:glowstone":32,"minecraft:golden_carrot":7,"minecraft:cooked_beef":18,"minecraft:cobbled_deepslate":38,"minecraft:observer":14,"minecraft:light_gray_bed":2,"minecraft:wheat_seeds":9,"minecraft:cooked_mutton":10,"minecraft:water_bucket":26,"minecraft:amethyst_block":2,"minecraft:baked_potato":3,"minecraft:cobblestone_slab":321,"minecraft:salmon":7,"minecraft:comparator":16,"minecraft:crafting_table":11,"minecraft:cod":19,"minecraft:piston":31,"minecraft:ominous_trial_key":3,"minecraft:wind_charge":26,"minecraft:iron_pickaxe":525,"minecraft:stone_axe":196,"minecraft:fishing_rod":195,"minecraft:cobblestone":234,"minecraft:potion":2,"minecraft:porkchop":2,"minecraft:cooked_porkchop":12,"minecraft:bucket":32},"minecraft:crafted":{"minecraft:oak_planks":452,"minecraft:cobblestone_slab":384,"minecraft:cooked_chicken":100,"minecraft:stone":803,"minecraft:cooked_mutton":10,"minecraft:mace":1,"minecraft:glass":35,"minecraft:stone_brick_slab":6,"minecraft:bow":5,"minecraft:iron_boots":1,"minecraft:chest":3,"minecraft:stone_bricks":664,"minecraft:oak_fence":18,"minecraft:cooked_porkchop":13,"minecraft:crafting_table":6,"minecraft:wooden_pickaxe":1,"minecraft:iron_helmet":1,"minecraft:light_gray_bed":1,"minecraft:iron_chestplate":1,"minecraft:shield":1,"minecraft:stick":104,"minecraft:leather_chestplate":1,"minecraft:iron_ingot":65,"minecraft:iron_pickaxe":3,"minecraft:stone_sword":1,"minecraft:gold_ingot":1,"minecraft:light_gray_dye":3,"minecraft:stone_shovel":7,"minecraft:fishing_rod":2,"minecraft:stone_button":1,"minecraft:furnace":2,"minecraft:light_gray_wool":3,"minecraft:piston":31,"minecraft:bone_meal":12,"minecraft:iron_axe":2,"minecraft:ladder":3,"minecraft:stone_pickaxe":13,"minecraft:cooked_beef":32,"minecraft:coal_block":7,"minecraft:cooked_cod":42,"minecraft:cooked_salmon":42,"minecraft:bucket":1,"minecraft:stone_axe":3,"minecraft:glowstone":3,"minecraft:bread":2,"minecraft:air":0,"minecraft:golden_apple":1,"minecraft:gold_nugget":9,"minecraft:iron_shovel":5,"minecraft:torch":60},"minecraft:dropped":{"minecraft:iron_sword":1,"minecraft:cooked_beef":19,"minecraft:glass_bottle":9,"minecraft:cooked_porkchop":8,"minecraft:decorated_pot":2,"minecraft:dirt":1260,"minecraft:mace":2,"minecraft:cornflower":6,"minecraft:crimson_roots":1,"minecraft:cooked_cod":5,"minecraft:bone_meal":1,"minecraft:phantom_membrane":1,"minecraft:sand":37,"minecraft:fishing_rod":3,"minecraft:bone":4,"minecraft:gravel":18,"minecraft:stone_axe":3,"minecraft:sugar_cane":51,"minecraft:cooked_chicken":10,"minecraft:chiseled_tuff_bricks":2,"minecraft:cobbled_deepslate":64,"minecraft:rotten_flesh":30,"minecraft:glowstone_dust":2,"minecraft:cooked_mutton":2,"minecraft:azure_bluet":1,"minecraft:salmon":1,"minecraft:poppy":4,"minecraft:hopper":1,"minecraft:glowstone":28,"minecraft:ladder":1,"minecraft:egg":5,"minecraft:iron_ingot":4,"minecraft:wheat_seeds":56,"minecraft:oak_fence":1,"minecraft:lead":2,"minecraft:cobblestone":21,"minecraft:polished_tuff":1,"minecraft:granite":56,"minecraft:tropical_fish":1,"minecraft:ominous_trial_key":2,"minecraft:grass_block":1,"minecraft:pufferfish":7,"minecraft:oxeye_daisy":2,"minecraft:diorite":1,"minecraft:ink_sac":1,"minecraft:cooked_salmon":3,"minecraft:light_gray_stained_glass":71,"minecraft:waxed_oxidized_copper":3,"minecraft:potion":5,"minecraft:iron_shovel":1,"minecraft:string":6,"minecraft:dandelion":26,"minecraft:smooth_basalt":1,"minecraft:tuff_bricks":4,"minecraft:ender_chest":1,"minecraft:stone_sword":1,"minecraft:raw_copper":22,"minecraft:bowl":1,"minecraft:raw_iron":23,"minecraft:iron_boots":1,"minecraft:cobblestone_slab":64,"minecraft:shield":1,"minecraft:iron_chestplate":2,"minecraft:oak_sapling":5,"minecraft:redstone_torch":1,"minecraft:stone_bricks":2,"minecraft:spider_eye":2,"minecraft:bow":2,"minecraft:stone_pickaxe":5,"minecraft:wooden_pickaxe":2,"minecraft:calcite":4,"minecraft:nautilus_shell":1,"minecraft:brick":12},"minecraft:picked_up":{"minecraft:iron_chestplate":6,"minecraft:wheat":6,"minecraft:ender_chest":1,"minecraft:lead":5,"minecraft:potion":9,"minecraft:enchanted_book":2,"minecraft:amethyst_block":2,"minecraft:string":39,"minecraft:raw_copper":28,"minecraft:cooked_salmon":16,"minecraft:iron_leggings":4,"minecraft:pufferfish":17,"minecraft:cobbled_deepslate":122,"minecraft:comparator":14,"minecraft:bucket":1,"minecraft:trial_key":2,"minecraft:redstone_torch":1,"minecraft:cobblestone_slab":27,"minecraft:calcite":4,"minecraft:hopper_minecart":2,"minecraft:coal_block":2,"minecraft:iron_boots":4,"minecraft:furnace":2,"minecraft:tipped_arrow":94,"minecraft:stick":16,"minecraft:oak_fence":39,"minecraft:torch":39,"minecraft:porkchop":17,"minecraft:lightning_rod":1,"minecraft:diorite":1,"minecraft:stone_sword":1,"minecraft:honey_bottle":3,"minecraft:light_gray_bed":1,"minecraft:rotten_flesh":64,"minecraft:tropical_fish":1,"minecraft:cod":71,"minecraft:cobblestone":1532,"minecraft:nautilus_shell":1,"minecraft:feather":6,"minecraft:cooked_beef":7,"minecraft:repeater":12,"minecraft:andesite":1,"minecraft:brown_wool":1,"minecraft:lapis_lazuli":18,"minecraft:dirt":2481,"minecraft:bone":111,"minecraft:bow":10,"minecraft:wheat_seeds":206,"minecraft:bamboo":56,"minecraft:glowstone_dust":16,"minecraft:scrape_pottery_sherd":2,"minecraft:oak_planks":23,"minecraft:cooked_porkchop":10,"minecraft:sand":156,"minecraft:ink_sac":4,"minecraft:grass_block":2,"minecraft:diamond":22,"minecraft:granite":81,"minecraft:breeze_rod":4,"minecraft:golden_apple":1,"minecraft:emerald":30,"minecraft:oak_sapling":7,"minecraft:ominous_trial_key":6,"minecraft:crimson_roots":1,"minecraft:fishing_rod":9,"minecraft:crafting_table":8,"minecraft:azure_bluet":2,"minecraft:chicken":25,"minecraft:ladder":18,"minecraft:clay_ball":4,"minecraft:wooden_pickaxe":1,"minecraft:brick":31,"minecraft:shield":3,"minecraft:wind_charge":36,"minecraft:cornflower":6,"minecraft:flow_banner_pattern":9,"minecraft:iron_shovel":1,"minecraft:beef":32,"minecraft:observer":14,"minecraft:poppy":4,"minecraft:sugar_cane":157,"minecraft:chest":4,"minecraft:piston":6,"minecraft:phantom_membrane":9,"minecraft:waxed_oxidized_copper":4,"minecraft:egg":12,"minecraft:raw_iron":98,"minecraft:stone":6,"minecraft:bowl":1,"minecraft:fire_charge":8,"minecraft:mace":4,"minecraft:stone_button":2,"minecraft:cookie":96,"minecraft:carrot":1,"minecraft:redstone":35,"minecraft:arrow":36,"minecraft:stone_shovel":4,"minecraft:cooked_cod":3,"minecraft:decorated_pot":4,"minecraft:saddle":1,"minecraft:flow_armor_trim_smithing_template":2,"minecraft:tuff_bricks":8,"minecraft:mutton":4,"minecraft:white_wool":2,"minecraft:oxeye_daisy":4,"minecraft:golden_carrot":7,"minecraft:salmon":27,"minecraft:leather":16,"minecraft:oak_log":114,"minecraft:gunpowder":7,"minecraft:cooked_mutton":2,"minecraft:apple":1,"minecraft:stone_bricks":142,"minecraft:iron_ingot":7,"minecraft:stone_pickaxe":4,"minecraft:cooked_chicken":44,"minecraft:glass_bottle":8,"minecraft:iron_sword":4,"minecraft:smooth_basalt":1,"minecraft:light_gray_stained_glass":71,"minecraft:heavy_core":1,"minecraft:stone_brick_slab":6,"minecraft:dandelion":28,"minecraft:spyglass":1,"minecraft:gravel":23,"minecraft:polished_tuff":2,"minecraft:spider_eye":4,"minecraft:slime_ball":697,"minecraft:stone_axe":6,"minecraft:iron_helmet":1,"minecraft:baked_potato":4,"minecraft:coal":237,"minecraft:chiseled_tuff_bricks":4,"minecraft:hopper":11},"minecraft:killed":{"minecraft:spider":7,"minecraft:skeleton":16,"minecraft:chicken":3,"minecraft:pig":5,"minecraft:creeper":1,"minecraft:sheep":3,"minecraft:zombie":50,"minecraft:cow":15,"minecraft:slime":130,"minecraft:phantom":14,"minecraft:drowned":13,"minecraft:bat":1,"minecraft:squid":1,"minecraft:breeze":2,"minecraft:enderman":1}},"DataVersion":3953}