{"stats":{"minecraft:broken":{"minecraft:iron_shovel":6,"minecraft:diamond_helmet":1,"minecraft:shears":3,"minecraft:iron_leggings":1,"minecraft:golden_sword":1,"minecraft:diamond_pickaxe":1,"minecraft:stone_axe":1,"minecraft:iron_sword":2,"minecraft:iron_axe":10,"minecraft:iron_pickaxe":1},"minecraft:mined":{"minecraft:spruce_planks":371,"minecraft:white_bed":55,"minecraft:cobblestone_stairs":22,"minecraft:brewing_stand":3,"minecraft:obsidian":70,"minecraft:spruce_trapdoor":4,"minecraft:cave_vines_plant":1,"minecraft:granite":16,"minecraft:budding_amethyst":1,"minecraft:grass_block":708,"minecraft:deepslate_bricks":1,"minecraft:chiseled_tuff_bricks":1,"minecraft:crimson_fungus":1,"minecraft:composter":9,"minecraft:hopper":1,"minecraft:nether_wart":28,"minecraft:tuff_bricks":61,"minecraft:polished_blackstone_bricks":1,"minecraft:weeping_vines_plant":3,"minecraft:magma_block":8,"minecraft:glowstone":12,"minecraft:iron_ore":116,"minecraft:barrel":3,"minecraft:fire":8,"minecraft:cobbled_deepslate":47,"minecraft:polished_tuff":3,"minecraft:anvil":2,"minecraft:moss_carpet":1,"minecraft:deepslate_lapis_ore":17,"minecraft:fletching_table":23,"minecraft:azure_bluet":1,"minecraft:enchanting_table":4,"minecraft:pointed_dripstone":10,"minecraft:cave_vines":3,"minecraft:water_cauldron":4,"minecraft:dirt_path":33,"minecraft:azalea":2,"minecraft:spruce_slab":10,"minecraft:deepslate_redstone_ore":61,"minecraft:brown_mushroom":21,"minecraft:red_bed":3,"minecraft:blackstone":29,"minecraft:medium_amethyst_bud":1,"minecraft:crimson_nylium":9,"minecraft:amethyst_cluster":3,"minecraft:clay":2,"minecraft:torch":13,"minecraft:blast_furnace":2,"minecraft:calcite":9,"minecraft:chest":23,"minecraft:glass":15,"minecraft:cobblestone":75,"minecraft:nether_quartz_ore":24,"minecraft:oak_planks":105,"minecraft:sugar_cane":20,"minecraft:waxed_chiseled_copper":1,"minecraft:wall_torch":16,"minecraft:amethyst_block":3,"minecraft:cauldron":7,"minecraft:waxed_copper_bulb":1,"minecraft:warped_nylium":2,"minecraft:powered_rail":4,"minecraft:birch_log":43,"minecraft:wheat":99,"minecraft:lava_cauldron":1,"minecraft:waxed_copper_block":5,"minecraft:oak_log":372,"minecraft:beetroots":6,"minecraft:waxed_oxidized_copper":1,"minecraft:birch_button":1,"minecraft:sand":135,"minecraft:dirt":592,"minecraft:smooth_basalt":6,"minecraft:stonecutter":2,"minecraft:netherrack":2977,"minecraft:deepslate":452,"minecraft:oak_leaves":925,"minecraft:tuff":47,"minecraft:deepslate_diamond_ore":75,"minecraft:oak_door":4,"minecraft:nether_bricks":4,"minecraft:ladder":1,"minecraft:spruce_fence":2,"minecraft:crimson_roots":7,"minecraft:spruce_leaves":52,"minecraft:moss_block":5,"minecraft:crimson_stem":43,"minecraft:hay_block":73,"minecraft:redstone_ore":3,"minecraft:carrots":459,"minecraft:spruce_sapling":1,"minecraft:furnace":14,"minecraft:nether_sprouts":1,"minecraft:andesite":24,"minecraft:detector_rail":2,"minecraft:cobblestone_slab":2,"minecraft:bookshelf":5,"minecraft:deepslate_iron_ore":165,"minecraft:potatoes":124,"minecraft:vine":1,"minecraft:rail":16,"minecraft:stripped_oak_log":1,"minecraft:bamboo_sapling":1,"minecraft:bamboo":52,"minecraft:waxed_weathered_copper_bulb":1,"minecraft:stone":552,"minecraft:ender_chest":3,"minecraft:redstone_wall_torch":1,"minecraft:smithing_table":3,"minecraft:oak_slab":7,"minecraft:scaffolding":2,"minecraft:light_gray_carpet":3,"minecraft:flowering_azalea":1,"minecraft:soul_sand":36,"minecraft:basalt":168,"minecraft:dandelion":8,"minecraft:oak_fence":4,"minecraft:crafting_table":10,"minecraft:cornflower":1,"minecraft:short_grass":422,"minecraft:warped_roots":1,"minecraft:lectern":249,"minecraft:stone_slab":1,"minecraft:copper_ore":5,"minecraft:tall_grass":42,"minecraft:lapis_ore":18,"minecraft:deepslate_gold_ore":102,"minecraft:polished_blackstone_brick_stairs":30,"minecraft:diorite":16,"minecraft:warped_wart_block":3,"minecraft:birch_planks":7,"minecraft:redstone_torch":1,"minecraft:birch_leaves":1,"minecraft:white_carpet":9,"minecraft:spruce_log":1649,"minecraft:yellow_bed":13,"minecraft:coal_ore":270,"minecraft:flower_pot":1,"minecraft:gravel":143,"minecraft:dripstone_block":5,"minecraft:cobweb":7,"minecraft:gold_ore":6,"minecraft:fern":3},"minecraft:killed_by":{"minecraft:creeper":1,"minecraft:piglin":1,"minecraft:iron_golem":1,"minecraft:skeleton":1},"minecraft:custom":{"minecraft:animals_bred":2,"minecraft:interact_with_crafting_table":200,"minecraft:open_barrel":21,"minecraft:bell_ring":17,"minecraft:leave_game":7,"minecraft:time_since_death":659817,"minecraft:sprint_one_cm":2931058,"minecraft:damage_blocked_by_shield":1790,"minecraft:drop":290,"minecraft:talked_to_villager":565,"minecraft:play_time":1349747,"minecraft:deaths":6,"minecraft:jump":18324,"minecraft:interact_with_brewingstand":39,"minecraft:walk_on_water_one_cm":107771,"minecraft:enchant_item":2,"minecraft:interact_with_furnace":242,"minecraft:traded_with_villager":600,"minecraft:sleep_in_bed":33,"minecraft:open_enderchest":30,"minecraft:damage_dealt":92443,"minecraft:player_kills":1,"minecraft:crouch_one_cm":272767,"minecraft:inspect_dispenser":2,"minecraft:interact_with_smoker":26,"minecraft:use_cauldron":22,"minecraft:interact_with_anvil":9,"minecraft:mob_kills":698,"minecraft:inspect_hopper":12,"minecraft:fill_cauldron":8,"minecraft:climb_one_cm":60166,"minecraft:walk_one_cm":4369901,"minecraft:sneak_time":73616,"minecraft:walk_under_water_one_cm":65686,"minecraft:boat_one_cm":470300,"minecraft:interact_with_blast_furnace":20,"minecraft:total_world_time":1349747,"minecraft:time_since_rest":54028,"minecraft:damage_taken":18757,"minecraft:minecart_one_cm":2783,"minecraft:swim_one_cm":359200,"minecraft:fly_one_cm":3434167,"minecraft:open_chest":1147,"minecraft:fall_one_cm":404089},"minecraft:used":{"minecraft:tuff_bricks":66,"minecraft:iron_shovel":1671,"minecraft:spruce_slab":26,"minecraft:ladder":5,"minecraft:shield":44,"minecraft:chest":50,"minecraft:iron_sword":494,"minecraft:stone":84,"minecraft:nether_wart":5,"minecraft:soul_sand":6,"minecraft:mutton":1,"minecraft:nether_bricks":4,"minecraft:tuff":22,"minecraft:carrot":503,"minecraft:obsidian":46,"minecraft:honey_bottle":12,"minecraft:glass":79,"minecraft:spruce_boat":28,"minecraft:waxed_oxidized_copper":3,"minecraft:lava_bucket":19,"minecraft:item_frame":7,"minecraft:golden_sword":2,"minecraft:birch_button":9,"minecraft:magma_block":8,"minecraft:bow":94,"minecraft:hay_block":3,"minecraft:scaffolding":52,"minecraft:ominous_bottle":1,"minecraft:furnace":17,"minecraft:potato":128,"minecraft:diorite":11,"minecraft:oak_planks":238,"minecraft:stone_pickaxe":110,"minecraft:powered_rail":4,"minecraft:wooden_pickaxe":3,"minecraft:composter":7,"minecraft:diamond_axe":3,"minecraft:oak_leaves":253,"minecraft:cookie":8,"minecraft:sand":1,"minecraft:blast_furnace":5,"minecraft:crossbow":15,"minecraft:shears":714,"minecraft:polished_tuff":3,"minecraft:redstone_torch":2,"minecraft:lever":1,"minecraft:string":2,"minecraft:mace":6,"minecraft:bread":52,"minecraft:lectern":253,"minecraft:gravel":115,"minecraft:diamond_sword":1131,"minecraft:andesite":21,"minecraft:smithing_table":4,"minecraft:oak_boat":31,"minecraft:bone_meal":208,"minecraft:enchanting_table":5,"minecraft:flint_and_steel":5,"minecraft:stone_shovel":53,"minecraft:spruce_planks":691,"minecraft:ender_chest":4,"minecraft:trial_key":5,"minecraft:stone_hoe":156,"minecraft:cooked_chicken":4,"minecraft:netherrack":435,"minecraft:spyglass":47,"minecraft:oak_door":8,"minecraft:torch":466,"minecraft:brewing_stand":5,"minecraft:anvil":3,"minecraft:dirt":955,"minecraft:warped_wart_block":3,"minecraft:hopper":3,"minecraft:diamond_helmet":1,"minecraft:granite":11,"minecraft:spruce_fence":90,"minecraft:iron_hoe":14,"minecraft:bookshelf":8,"minecraft:iron_axe":2921,"minecraft:polished_blackstone_brick_stairs":32,"minecraft:bamboo":34,"minecraft:barrel":7,"minecraft:tripwire_hook":2,"minecraft:glowstone":1,"minecraft:basalt":23,"minecraft:golden_carrot":5,"minecraft:minecart":3,"minecraft:cooked_beef":34,"minecraft:cobbled_deepslate":288,"minecraft:pointed_dripstone":6,"minecraft:calcite":1,"minecraft:wheat_seeds":65,"minecraft:cooked_mutton":34,"minecraft:water_bucket":45,"minecraft:iron_ore":1,"minecraft:cobblestone_stairs":22,"minecraft:birch_planks":2,"minecraft:glass_bottle":13,"minecraft:baked_potato":121,"minecraft:spruce_sign":9,"minecraft:cobblestone_slab":9,"minecraft:cauldron":12,"minecraft:fletching_table":25,"minecraft:spruce_fence_gate":3,"minecraft:warped_roots":1,"minecraft:waxed_copper_block":2,"minecraft:deepslate_bricks":5,"minecraft:polished_blackstone_bricks":1,"minecraft:rail":17,"minecraft:crafting_table":21,"minecraft:oak_slab":120,"minecraft:red_bed":2,"minecraft:white_bed":58,"minecraft:painting":1,"minecraft:spruce_log":10,"minecraft:smoker":2,"minecraft:oak_log":87,"minecraft:diamond_pickaxe":5056,"minecraft:ominous_trial_key":5,"minecraft:wind_charge":19,"minecraft:iron_pickaxe":473,"minecraft:detector_rail":2,"minecraft:stone_slab":52,"minecraft:spruce_trapdoor":8,"minecraft:spruce_sapling":86,"minecraft:stone_axe":278,"minecraft:cobblestone":390,"minecraft:potion":11,"minecraft:cooked_porkchop":48,"minecraft:bucket":76,"minecraft:glass_pane":7,"minecraft:pumpkin_pie":53,"minecraft:yellow_bed":9,"minecraft:dandelion":2,"minecraft:splash_potion":3,"minecraft:gray_wool":1},"minecraft:dropped":{"minecraft:short_grass":4,"minecraft:lapis_lazuli":16,"minecraft:glow_ink_sac":5,"minecraft:glass_bottle":11,"minecraft:diamond":20,"minecraft:crossbow":1,"minecraft:leather":2,"minecraft:dirt":6,"minecraft:mace":1,"minecraft:cornflower":2,"minecraft:crimson_roots":1,"minecraft:pumpkin_pie":1,"minecraft:amethyst_shard":4,"minecraft:bone":8,"minecraft:gravel":2,"minecraft:golden_chestplate":2,"minecraft:cobbled_deepslate":48,"minecraft:wheat":1,"minecraft:rotten_flesh":15,"minecraft:light_gray_carpet":3,"minecraft:azure_bluet":1,"minecraft:carrot":993,"minecraft:poppy":2,"minecraft:gunpowder":11,"minecraft:azalea":1,"minecraft:breeze_rod":1,"minecraft:arrow":3,"minecraft:beef":1,"minecraft:netherrack":845,"minecraft:enchanted_book":1,"minecraft:bread":112,"minecraft:wheat_seeds":3,"minecraft:minecart":1,"minecraft:dripstone_block":1,"minecraft:oak_fence":1,"minecraft:iron_helmet":1,"minecraft:cobblestone":1,"minecraft:granite":3,"minecraft:ominous_trial_key":3,"minecraft:stick":3,"minecraft:oxeye_daisy":4,"minecraft:diorite":1,"minecraft:iron_leggings":20,"minecraft:golden_hoe":1,"minecraft:iron_axe":3,"minecraft:chainmail_leggings":65,"minecraft:string":21,"minecraft:redstone":23,"minecraft:tuff_bricks":3,"minecraft:raw_copper":11,"minecraft:tuff":1,"minecraft:stone_shovel":33,"minecraft:chicken":1,"minecraft:white_carpet":9,"minecraft:clay_ball":32,"minecraft:iron_boots":5,"minecraft:trial_key":2,"minecraft:spruce_planks":1,"minecraft:diamond_pickaxe":1,"minecraft:andesite":2,"minecraft:golden_leggings":2,"minecraft:oak_sapling":1,"minecraft:spider_eye":2,"minecraft:slime_ball":72,"minecraft:bow":9,"minecraft:stone_pickaxe":1,"minecraft:wooden_pickaxe":1,"minecraft:brick":72},"minecraft:crafted":{"minecraft:ender_chest":1,"minecraft:smooth_stone":9,"minecraft:oak_planks":1004,"minecraft:cobblestone_slab":6,"minecraft:barrel":4,"minecraft:blaze_powder":4,"minecraft:cooked_chicken":11,"minecraft:stone":11,"minecraft:cobblestone_stairs":8,"minecraft:diamond_shovel":1,"minecraft:lever":1,"minecraft:nether_brick":371,"minecraft:bookshelf":12,"minecraft:cooked_mutton":34,"minecraft:mace":1,"minecraft:glass":136,"minecraft:hopper":2,"minecraft:diamond_helmet":2,"minecraft:diamond_leggings":2,"minecraft:bow":6,"minecraft:iron_boots":3,"minecraft:polished_blackstone":24,"minecraft:stone_pressure_plate":1,"minecraft:chest":28,"minecraft:rail":16,"minecraft:birch_button":6,"minecraft:stone_hoe":1,"minecraft:ender_eye":1,"minecraft:golden_boots":1,"minecraft:smoker":2,"minecraft:glass_bottle":9,"minecraft:item_frame":6,"minecraft:oak_slab":126,"minecraft:arrow":192,"minecraft:emerald":466,"minecraft:cooked_porkchop":48,"minecraft:diamond_axe":1,"minecraft:crafting_table":13,"minecraft:spruce_planks":6364,"minecraft:iron_helmet":2,"minecraft:wooden_pickaxe":1,"minecraft:baked_potato":108,"minecraft:smithing_table":1,"minecraft:copper_ingot":2,"minecraft:fletching_table":3,"minecraft:brewing_stand":2,"minecraft:birch_planks":8,"minecraft:painting":1,"minecraft:spruce_trapdoor":6,"minecraft:lectern":4,"minecraft:iron_chestplate":2,"minecraft:book":7,"minecraft:paper":12,"minecraft:diamond_pickaxe":2,"minecraft:shield":2,"minecraft:stick":12331,"minecraft:stone_slab":54,"minecraft:iron_ingot":278,"minecraft:iron_pickaxe":2,"minecraft:iron_block":3,"minecraft:gold_ingot":116,"minecraft:polished_blackstone_brick_stairs":16,"minecraft:redstone_torch":1,"minecraft:composter":1,"minecraft:spruce_fence_gate":3,"minecraft:polished_blackstone_bricks":24,"minecraft:deepslate_bricks":4,"minecraft:shears":4,"minecraft:cookie":108,"minecraft:oak_door":3,"minecraft:stone_shovel":23,"minecraft:tripwire_hook":2,"minecraft:iron_nugget":6,"minecraft:spyglass":1,"minecraft:furnace":8,"minecraft:blast_furnace":3,"minecraft:bone_meal":219,"minecraft:spruce_fence":96,"minecraft:glass_pane":16,"minecraft:flint_and_steel":3,"minecraft:scaffolding":84,"minecraft:detector_rail":6,"minecraft:polished_deepslate":4,"minecraft:iron_axe":13,"minecraft:ladder":6,"minecraft:spruce_slab":36,"minecraft:iron_hoe":1,"minecraft:stone_pickaxe":1,"minecraft:diamond_boots":2,"minecraft:spruce_boat":5,"minecraft:redstone_block":15,"minecraft:chainmail_leggings":18,"minecraft:minecart":1,"minecraft:wheat":171,"minecraft:cooked_beef":32,"minecraft:sugar":3,"minecraft:diamond_sword":1,"minecraft:spruce_sign":9,"minecraft:enchanting_table":1,"minecraft:powered_rail":6,"minecraft:iron_sword":2,"minecraft:nether_bricks":81,"minecraft:bucket":1,"minecraft:stone_axe":3,"minecraft:glowstone":1,"minecraft:enchanted_book":15,"minecraft:air":0,"minecraft:bread":152,"minecraft:oak_boat":4,"minecraft:golden_apple":5,"minecraft:fermented_spider_eye":1,"minecraft:iron_shovel":7,"minecraft:iron_leggings":13,"minecraft:anvil":1,"minecraft:white_bed":3,"minecraft:pumpkin_pie":92,"minecraft:torch":448,"minecraft:diamond_chestplate":2},"minecraft:picked_up":{"minecraft:iron_chestplate":3,"minecraft:wheat":81,"minecraft:ender_chest":4,"minecraft:anvil":2,"minecraft:flower_pot":1,"minecraft:stone_slab":1,"minecraft:smithing_table":3,"minecraft:diamond_sword":4,"minecraft:enchanted_book":7,"minecraft:potion":10,"minecraft:birch_button":3,"minecraft:brewing_stand":3,"minecraft:golden_sword":4,"minecraft:amethyst_block":3,"minecraft:polished_blackstone_brick_stairs":30,"minecraft:string":848,"minecraft:raw_copper":23,"minecraft:cooked_salmon":6,"minecraft:iron_leggings":21,"minecraft:pufferfish":1,"minecraft:beetroot":6,"minecraft:gold_nugget":2,"minecraft:cobbled_deepslate":568,"minecraft:bucket":1,"minecraft:spruce_planks":625,"minecraft:trial_key":7,"minecraft:redstone_torch":2,"minecraft:cobblestone_slab":3,"minecraft:calcite":9,"minecraft:azalea":1,"minecraft:iron_pickaxe":1,"minecraft:enchanted_golden_apple":2,"minecraft:iron_boots":7,"minecraft:furnace":15,"minecraft:tipped_arrow":19,"minecraft:stick":113,"minecraft:composter":9,"minecraft:oak_fence":22,"minecraft:torch":57,"minecraft:porkchop":56,"minecraft:pointed_dripstone":15,"minecraft:waxed_weathered_copper_bulb":1,"minecraft:waxed_copper_grate":1,"minecraft:diorite":17,"minecraft:golden_chestplate":2,"minecraft:cauldron":12,"minecraft:honey_bottle":6,"minecraft:rotten_flesh":225,"minecraft:tropical_fish":1,"minecraft:bookshelf":3,"minecraft:blaze_rod":12,"minecraft:obsidian":70,"minecraft:cobblestone":677,"minecraft:blaze_powder":1,"minecraft:birch_log":43,"minecraft:enchanting_table":4,"minecraft:magma_block":8,"minecraft:leather_chestplate":1,"minecraft:feather":27,"minecraft:cooked_beef":2,"minecraft:magma_cream":3,"minecraft:water_bucket":3,"minecraft:andesite":26,"minecraft:golden_leggings":3,"minecraft:potato":432,"minecraft:flint":16,"minecraft:tuff":27,"minecraft:lapis_lazuli":228,"minecraft:dirt":1498,"minecraft:name_tag":1,"minecraft:glass":1,"minecraft:bone":157,"minecraft:stonecutter":2,"minecraft:bow":11,"minecraft:wheat_seeds":328,"minecraft:raw_gold":188,"minecraft:bolt_armor_trim_smithing_template":1,"minecraft:diamond_helmet":4,"minecraft:bamboo":471,"minecraft:fletching_table":23,"minecraft:glowstone_dust":68,"minecraft:powered_rail":4,"minecraft:oak_planks":134,"minecraft:scrape_pottery_sherd":3,"minecraft:cooked_porkchop":15,"minecraft:warped_wart_block":3,"minecraft:axolotl_bucket":1,"minecraft:poisonous_potato":2,"minecraft:waxed_chiseled_copper":1,"minecraft:sand":146,"minecraft:grass_block":2,"minecraft:barrel":3,"minecraft:diamond":141,"minecraft:spruce_boat":29,"minecraft:breeze_rod":16,"minecraft:crossbow":3,"minecraft:granite":16,"minecraft:bread":10,"minecraft:emerald":175,"minecraft:oak_sapling":14,"minecraft:light_gray_carpet":3,"minecraft:netherrack":4995,"minecraft:ominous_trial_key":14,"minecraft:oak_leaves":1050,"minecraft:crimson_roots":19,"minecraft:diamond_pickaxe":7,"minecraft:fishing_rod":1,"minecraft:crafting_table":10,"minecraft:azure_bluet":3,"minecraft:ladder":2,"minecraft:ominous_bottle":1,"minecraft:chicken":33,"minecraft:nether_wart":87,"minecraft:clay_ball":40,"minecraft:brown_mushroom":42,"minecraft:diamond_horse_armor":1,"minecraft:shield":2,"minecraft:brick":72,"minecraft:wind_charge":39,"minecraft:cornflower":3,"minecraft:moss_carpet":1,"minecraft:red_bed":3,"minecraft:flow_banner_pattern":1,"minecraft:iron_axe":5,"minecraft:flint_and_steel":4,"minecraft:item_frame":1,"minecraft:white_carpet":9,"minecraft:iron_shovel":1,"minecraft:blackstone":54,"minecraft:detector_rail":2,"minecraft:beef":51,"minecraft:oak_boat":31,"minecraft:iron_nugget":7,"minecraft:poppy":12,"minecraft:spruce_slab":10,"minecraft:lectern":249,"minecraft:minecart":3,"minecraft:sugar_cane":47,"minecraft:chest":24,"minecraft:spruce_trapdoor":4,"minecraft:waxed_oxidized_copper":7,"minecraft:egg":7,"minecraft:raw_iron":419,"minecraft:stone":114,"minecraft:oak_door":6,"minecraft:copper_ingot":1,"minecraft:spruce_fence":5,"minecraft:polished_blackstone_bricks":1,"minecraft:mace":2,"minecraft:carrot":1595,"minecraft:redstone":319,"minecraft:weeping_vines":5,"minecraft:diamond_chestplate":3,"minecraft:arrow":314,"minecraft:stone_shovel":23,"minecraft:cooked_cod":1,"minecraft:beetroot_seeds":16,"minecraft:pumpkin_pie":1,"minecraft:golden_hoe":1,"minecraft:nether_bricks":4,"minecraft:diamond_boots":1,"minecraft:deepslate_bricks":1,"minecraft:hay_block":72,"minecraft:flow_armor_trim_smithing_template":4,"minecraft:tuff_bricks":80,"minecraft:mutton":35,"minecraft:white_wool":36,"minecraft:rail":17,"minecraft:oxeye_daisy":6,"minecraft:stripped_oak_log":1,"minecraft:basalt":434,"minecraft:crimson_stem":98,"minecraft:golden_carrot":5,"minecraft:glow_ink_sac":10,"minecraft:leather":36,"minecraft:birch_planks":8,"minecraft:waxed_copper_bulb":1,"minecraft:crimson_fungus":2,"minecraft:oak_log":374,"minecraft:waxed_copper_block":3,"minecraft:lily_pad":6,"minecraft:golden_boots":2,"minecraft:yellow_bed":13,"minecraft:gunpowder":48,"minecraft:cobblestone_stairs":22,"minecraft:cooked_mutton":1,"minecraft:apple":3,"minecraft:iron_ingot":109,"minecraft:stone_pickaxe":1,"minecraft:cooked_chicken":2,"minecraft:iron_ore":2,"minecraft:glass_bottle":9,"minecraft:iron_sword":2,"minecraft:flowering_azalea":1,"minecraft:soul_sand":91,"minecraft:book":16,"minecraft:scaffolding":6,"minecraft:oak_slab":7,"minecraft:smooth_basalt":6,"minecraft:emerald_block":1,"minecraft:heavy_core":1,"minecraft:dandelion":19,"minecraft:quartz":59,"minecraft:spyglass":1,"minecraft:dripstone_block":3,"minecraft:gravel":138,"minecraft:amethyst_shard":43,"minecraft:spruce_sapling":163,"minecraft:blast_furnace":2,"minecraft:white_bed":58,"minecraft:spruce_log":1646,"minecraft:spider_eye":29,"minecraft:polished_tuff":3,"minecraft:slime_ball":323,"minecraft:stone_axe":2,"minecraft:short_grass":8,"minecraft:chainmail_leggings":49,"minecraft:iron_helmet":3,"minecraft:gray_wool":1,"minecraft:warped_roots":5,"minecraft:baked_potato":122,"minecraft:warped_nylium":2,"minecraft:coal":417,"minecraft:hopper":1,"minecraft:ender_pearl":4},"minecraft:killed":{"minecraft:zombified_piglin":6,"minecraft:spider":59,"minecraft:skeleton":88,"minecraft:chicken":13,"minecraft:magma_cube":17,"minecraft:piglin":20,"minecraft:pig":15,"minecraft:iron_golem":4,"minecraft:creeper":31,"minecraft:sheep":24,"minecraft:zombie":180,"minecraft:blaze":15,"minecraft:cow":18,"minecraft:slime":165,"minecraft:horse":1,"minecraft:drowned":2,"minecraft:hoglin":7,"minecraft:breeze":6,"minecraft:wither_skeleton":9,"minecraft:enderman":10}},"DataVersion":3953}