{"stats":{"minecraft:broken":{"minecraft:iron_shovel":2,"minecraft:shears":3,"minecraft:golden_sword":1,"minecraft:diamond_pickaxe":1,"minecraft:stone_axe":1,"minecraft:iron_sword":2,"minecraft:iron_axe":1,"minecraft:iron_pickaxe":1},"minecraft:crafted":{"minecraft:oak_planks":844,"minecraft:cooked_chicken":2,"minecraft:blaze_powder":2,"minecraft:cobblestone_stairs":8,"minecraft:bookshelf":3,"minecraft:cooked_mutton":34,"minecraft:mace":1,"minecraft:glass":12,"minecraft:diamond_helmet":1,"minecraft:bow":1,"minecraft:diamond_leggings":1,"minecraft:iron_boots":3,"minecraft:polished_blackstone":24,"minecraft:chest":9,"minecraft:glass_bottle":3,"minecraft:oak_slab":102,"minecraft:emerald":38,"minecraft:cooked_porkchop":34,"minecraft:crafting_table":8,"minecraft:spruce_planks":92,"minecraft:wooden_pickaxe":1,"minecraft:iron_helmet":2,"minecraft:fletching_table":1,"minecraft:brewing_stand":2,"minecraft:spruce_trapdoor":2,"minecraft:lectern":2,"minecraft:iron_chestplate":2,"minecraft:book":7,"minecraft:paper":12,"minecraft:diamond_pickaxe":2,"minecraft:shield":1,"minecraft:stick":1140,"minecraft:iron_ingot":189,"minecraft:iron_pickaxe":2,"minecraft:iron_block":3,"minecraft:polished_blackstone_brick_stairs":16,"minecraft:polished_blackstone_bricks":24,"minecraft:shears":3,"minecraft:oak_door":3,"minecraft:furnace":4,"minecraft:glass_pane":16,"minecraft:flint_and_steel":2,"minecraft:iron_axe":2,"minecraft:ladder":3,"minecraft:stone_pickaxe":1,"minecraft:diamond_boots":1,"minecraft:wheat":171,"minecraft:cooked_beef":10,"minecraft:sugar":1,"minecraft:diamond_sword":1,"minecraft:enchanting_table":1,"minecraft:iron_sword":2,"minecraft:bucket":1,"minecraft:stone_axe":2,"minecraft:enchanted_book":1,"minecraft:air":0,"minecraft:bread":56,"minecraft:oak_boat":3,"minecraft:iron_shovel":3,"minecraft:iron_leggings":3,"minecraft:anvil":1,"minecraft:white_bed":1,"minecraft:torch":304,"minecraft:diamond_chestplate":1},"minecraft:dropped":{"minecraft:short_grass":4,"minecraft:glow_ink_sac":5,"minecraft:glass_bottle":9,"minecraft:crossbow":1,"minecraft:dirt":4,"minecraft:mace":1,"minecraft:cornflower":2,"minecraft:crimson_roots":1,"minecraft:golden_chestplate":2,"minecraft:cobbled_deepslate":4,"minecraft:rotten_flesh":13,"minecraft:light_gray_carpet":3,"minecraft:azure_bluet":1,"minecraft:poppy":2,"minecraft:breeze_rod":1,"minecraft:beef":1,"minecraft:netherrack":586,"minecraft:enchanted_book":1,"minecraft:bread":16,"minecraft:wheat_seeds":3,"minecraft:dripstone_block":1,"minecraft:oak_fence":1,"minecraft:iron_helmet":1,"minecraft:ominous_trial_key":3,"minecraft:oxeye_daisy":4,"minecraft:diorite":1,"minecraft:iron_leggings":2,"minecraft:golden_hoe":1,"minecraft:iron_axe":1,"minecraft:string":19,"minecraft:tuff_bricks":3,"minecraft:raw_copper":3,"minecraft:chicken":1,"minecraft:white_carpet":9,"minecraft:iron_boots":1,"minecraft:trial_key":2,"minecraft:spruce_planks":1,"minecraft:diamond_pickaxe":1,"minecraft:andesite":2,"minecraft:golden_leggings":2,"minecraft:oak_sapling":1,"minecraft:spider_eye":2,"minecraft:slime_ball":72,"minecraft:bow":1,"minecraft:stone_pickaxe":1,"minecraft:wooden_pickaxe":1,"minecraft:brick":72},"minecraft:mined":{"minecraft:spruce_planks":6,"minecraft:white_bed":11,"minecraft:cobblestone_stairs":22,"minecraft:brewing_stand":1,"minecraft:obsidian":52,"minecraft:granite":13,"minecraft:grass_block":322,"minecraft:chiseled_tuff_bricks":1,"minecraft:composter":8,"minecraft:crimson_fungus":1,"minecraft:nether_wart":28,"minecraft:tuff_bricks":61,"minecraft:polished_blackstone_bricks":1,"minecraft:weeping_vines_plant":3,"minecraft:glowstone":12,"minecraft:iron_ore":74,"minecraft:cobbled_deepslate":11,"minecraft:fire":5,"minecraft:polished_tuff":3,"minecraft:fletching_table":5,"minecraft:deepslate_lapis_ore":10,"minecraft:enchanting_table":1,"minecraft:pointed_dripstone":8,"minecraft:dirt_path":32,"minecraft:water_cauldron":4,"minecraft:deepslate_redstone_ore":46,"minecraft:red_bed":3,"minecraft:blackstone":29,"minecraft:crimson_nylium":9,"minecraft:medium_amethyst_bud":1,"minecraft:amethyst_cluster":2,"minecraft:torch":6,"minecraft:chest":7,"minecraft:nether_quartz_ore":24,"minecraft:cobblestone":50,"minecraft:sugar_cane":17,"minecraft:oak_planks":26,"minecraft:waxed_chiseled_copper":1,"minecraft:wall_torch":5,"minecraft:waxed_copper_bulb":1,"minecraft:warped_nylium":2,"minecraft:birch_log":19,"minecraft:wheat":9,"minecraft:waxed_copper_block":5,"minecraft:oak_log":291,"minecraft:waxed_oxidized_copper":1,"minecraft:sand":12,"minecraft:dirt":179,"minecraft:stonecutter":2,"minecraft:netherrack":1687,"minecraft:deepslate":184,"minecraft:oak_leaves":835,"minecraft:tuff":30,"minecraft:deepslate_diamond_ore":34,"minecraft:oak_door":1,"minecraft:ladder":1,"minecraft:crimson_roots":6,"minecraft:spruce_leaves":23,"minecraft:moss_block":2,"minecraft:crimson_stem":43,"minecraft:hay_block":23,"minecraft:redstone_ore":1,"minecraft:furnace":6,"minecraft:carrots":1,"minecraft:nether_sprouts":1,"minecraft:andesite":23,"minecraft:bookshelf":1,"minecraft:deepslate_iron_ore":114,"minecraft:stripped_oak_log":1,"minecraft:bamboo_sapling":1,"minecraft:bamboo":7,"minecraft:waxed_weathered_copper_bulb":1,"minecraft:stone":342,"minecraft:oak_slab":3,"minecraft:light_gray_carpet":3,"minecraft:soul_sand":36,"minecraft:basalt":168,"minecraft:dandelion":3,"minecraft:oak_fence":4,"minecraft:crafting_table":5,"minecraft:short_grass":198,"minecraft:warped_roots":1,"minecraft:lectern":2,"minecraft:tall_grass":26,"minecraft:lapis_ore":3,"minecraft:deepslate_gold_ore":44,"minecraft:polished_blackstone_brick_stairs":30,"minecraft:diorite":7,"minecraft:warped_wart_block":3,"minecraft:birch_planks":7,"minecraft:white_carpet":9,"minecraft:spruce_log":77,"minecraft:yellow_bed":5,"minecraft:coal_ore":160,"minecraft:flower_pot":1,"minecraft:gravel":123,"minecraft:cobweb":7},"minecraft:picked_up":{"minecraft:iron_chestplate":2,"minecraft:wheat":13,"minecraft:flower_pot":1,"minecraft:diamond_sword":2,"minecraft:potion":10,"minecraft:enchanted_book":4,"minecraft:brewing_stand":1,"minecraft:golden_sword":4,"minecraft:polished_blackstone_brick_stairs":30,"minecraft:string":45,"minecraft:raw_copper":3,"minecraft:cooked_salmon":6,"minecraft:iron_leggings":4,"minecraft:pufferfish":1,"minecraft:cobbled_deepslate":196,"minecraft:spruce_planks":7,"minecraft:trial_key":7,"minecraft:iron_pickaxe":1,"minecraft:enchanted_golden_apple":2,"minecraft:iron_boots":2,"minecraft:furnace":6,"minecraft:tipped_arrow":19,"minecraft:stick":26,"minecraft:composter":8,"minecraft:oak_fence":22,"minecraft:torch":20,"minecraft:porkchop":48,"minecraft:waxed_weathered_copper_bulb":1,"minecraft:waxed_copper_grate":1,"minecraft:pointed_dripstone":13,"minecraft:diorite":8,"minecraft:golden_chestplate":2,"minecraft:cauldron":4,"minecraft:honey_bottle":6,"minecraft:rotten_flesh":85,"minecraft:blaze_rod":12,"minecraft:obsidian":52,"minecraft:blaze_powder":1,"minecraft:cobblestone":497,"minecraft:birch_log":19,"minecraft:enchanting_table":1,"minecraft:leather_chestplate":1,"minecraft:feather":25,"minecraft:cooked_beef":2,"minecraft:magma_cream":3,"minecraft:water_bucket":2,"minecraft:andesite":25,"minecraft:golden_leggings":2,"minecraft:flint":12,"minecraft:tuff":26,"minecraft:lapis_lazuli":84,"minecraft:dirt":646,"minecraft:bone":72,"minecraft:stonecutter":2,"minecraft:bow":5,"minecraft:wheat_seeds":86,"minecraft:raw_gold":60,"minecraft:bolt_armor_trim_smithing_template":1,"minecraft:glowstone_dust":68,"minecraft:fletching_table":5,"minecraft:diamond_helmet":2,"minecraft:bamboo":19,"minecraft:scrape_pottery_sherd":3,"minecraft:oak_planks":52,"minecraft:cooked_porkchop":15,"minecraft:warped_wart_block":3,"minecraft:waxed_chiseled_copper":1,"minecraft:sand":12,"minecraft:grass_block":1,"minecraft:diamond":63,"minecraft:granite":13,"minecraft:crossbow":3,"minecraft:breeze_rod":16,"minecraft:emerald":154,"minecraft:bread":10,"minecraft:oak_sapling":9,"minecraft:light_gray_carpet":3,"minecraft:netherrack":3458,"minecraft:ominous_trial_key":14,"minecraft:oak_leaves":1049,"minecraft:crimson_roots":17,"minecraft:diamond_pickaxe":4,"minecraft:fishing_rod":1,"minecraft:crafting_table":5,"minecraft:ladder":1,"minecraft:azure_bluet":2,"minecraft:ominous_bottle":1,"minecraft:chicken":31,"minecraft:nether_wart":87,"minecraft:brick":72,"minecraft:shield":1,"minecraft:wind_charge":39,"minecraft:cornflower":2,"minecraft:red_bed":3,"minecraft:flow_banner_pattern":1,"minecraft:iron_axe":4,"minecraft:flint_and_steel":3,"minecraft:white_carpet":9,"minecraft:iron_shovel":1,"minecraft:blackstone":54,"minecraft:beef":31,"minecraft:oak_boat":7,"minecraft:iron_nugget":7,"minecraft:poppy":5,"minecraft:lectern":2,"minecraft:sugar_cane":39,"minecraft:chest":8,"minecraft:waxed_oxidized_copper":7,"minecraft:egg":7,"minecraft:raw_iron":188,"minecraft:oak_door":2,"minecraft:polished_blackstone_bricks":1,"minecraft:mace":2,"minecraft:carrot":4,"minecraft:redstone":296,"minecraft:arrow":201,"minecraft:weeping_vines":5,"minecraft:diamond_chestplate":2,"minecraft:cooked_cod":1,"minecraft:golden_hoe":1,"minecraft:hay_block":22,"minecraft:flow_armor_trim_smithing_template":4,"minecraft:tuff_bricks":80,"minecraft:mutton":35,"minecraft:white_wool":36,"minecraft:oxeye_daisy":6,"minecraft:stripped_oak_log":1,"minecraft:basalt":434,"minecraft:glow_ink_sac":10,"minecraft:golden_carrot":5,"minecraft:crimson_stem":98,"minecraft:leather":17,"minecraft:birch_planks":7,"minecraft:waxed_copper_bulb":1,"minecraft:crimson_fungus":1,"minecraft:lily_pad":6,"minecraft:oak_log":293,"minecraft:waxed_copper_block":3,"minecraft:yellow_bed":5,"minecraft:gunpowder":10,"minecraft:cobblestone_stairs":22,"minecraft:cooked_mutton":1,"minecraft:apple":3,"minecraft:iron_ingot":85,"minecraft:stone_pickaxe":1,"minecraft:cooked_chicken":2,"minecraft:glass_bottle":6,"minecraft:iron_sword":1,"minecraft:soul_sand":91,"minecraft:book":4,"minecraft:scaffolding":4,"minecraft:oak_slab":3,"minecraft:emerald_block":1,"minecraft:heavy_core":1,"minecraft:quartz":47,"minecraft:dandelion":10,"minecraft:dripstone_block":2,"minecraft:gravel":112,"minecraft:amethyst_shard":32,"minecraft:spruce_sapling":14,"minecraft:white_bed":11,"minecraft:spruce_log":77,"minecraft:spider_eye":13,"minecraft:polished_tuff":3,"minecraft:slime_ball":323,"minecraft:stone_axe":2,"minecraft:short_grass":8,"minecraft:iron_helmet":3,"minecraft:gray_wool":1,"minecraft:warped_roots":4,"minecraft:baked_potato":13,"minecraft:warped_nylium":2,"minecraft:coal":237,"minecraft:ender_pearl":1},"minecraft:killed_by":{"minecraft:piglin":1,"minecraft:iron_golem":1},"minecraft:killed":{"minecraft:zombified_piglin":1,"minecraft:spider":15,"minecraft:skeleton":39,"minecraft:chicken":11,"minecraft:magma_cube":17,"minecraft:piglin":17,"minecraft:pig":13,"minecraft:iron_golem":1,"minecraft:creeper":5,"minecraft:sheep":24,"minecraft:zombie":50,"minecraft:cow":14,"minecraft:blaze":15,"minecraft:slime":165,"minecraft:horse":1,"minecraft:drowned":1,"minecraft:hoglin":6,"minecraft:breeze":6,"minecraft:wither_skeleton":9,"minecraft:enderman":4},"minecraft:custom":{"minecraft:animals_bred":2,"minecraft:interact_with_crafting_table":92,"minecraft:open_barrel":6,"minecraft:bell_ring":12,"minecraft:leave_game":2,"minecraft:time_since_death":18838,"minecraft:sprint_one_cm":1314147,"minecraft:damage_blocked_by_shield":715,"minecraft:drop":91,"minecraft:talked_to_villager":24,"minecraft:play_time":428989,"minecraft:deaths":4,"minecraft:jump":7895,"minecraft:interact_with_brewingstand":16,"minecraft:walk_on_water_one_cm":61565,"minecraft:enchant_item":2,"minecraft:interact_with_furnace":109,"minecraft:traded_with_villager":34,"minecraft:sleep_in_bed":12,"minecraft:damage_dealt":43591,"minecraft:player_kills":1,"minecraft:crouch_one_cm":193623,"minecraft:inspect_dispenser":2,"minecraft:interact_with_anvil":2,"minecraft:mob_kills":420,"minecraft:inspect_hopper":1,"minecraft:climb_one_cm":26708,"minecraft:walk_one_cm":1318412,"minecraft:sneak_time":49695,"minecraft:walk_under_water_one_cm":30198,"minecraft:boat_one_cm":211108,"minecraft:interact_with_blast_furnace":1,"minecraft:total_world_time":428989,"minecraft:time_since_rest":19156,"minecraft:damage_taken":9880,"minecraft:swim_one_cm":182858,"minecraft:fly_one_cm":1520946,"minecraft:open_chest":248,"minecraft:fall_one_cm":217642},"minecraft:used":{"minecraft:tuff_bricks":66,"minecraft:iron_shovel":537,"minecraft:ladder":4,"minecraft:chest":17,"minecraft:shield":24,"minecraft:iron_sword":494,"minecraft:nether_wart":5,"minecraft:soul_sand":6,"minecraft:mutton":1,"minecraft:tuff":22,"minecraft:obsidian":46,"minecraft:honey_bottle":12,"minecraft:waxed_oxidized_copper":3,"minecraft:golden_sword":2,"minecraft:bow":16,"minecraft:hay_block":3,"minecraft:ominous_bottle":1,"minecraft:furnace":10,"minecraft:diorite":3,"minecraft:oak_planks":110,"minecraft:stone_pickaxe":110,"minecraft:wooden_pickaxe":3,"minecraft:composter":5,"minecraft:oak_leaves":253,"minecraft:shears":713,"minecraft:polished_tuff":3,"minecraft:mace":6,"minecraft:bread":52,"minecraft:lectern":4,"minecraft:gravel":91,"minecraft:diamond_sword":308,"minecraft:andesite":21,"minecraft:oak_boat":8,"minecraft:enchanting_table":2,"minecraft:flint_and_steel":4,"minecraft:spruce_planks":46,"minecraft:cooked_chicken":2,"minecraft:trial_key":5,"minecraft:netherrack":185,"minecraft:oak_door":3,"minecraft:torch":301,"minecraft:brewing_stand":3,"minecraft:anvil":1,"minecraft:dirt":382,"minecraft:warped_wart_block":3,"minecraft:granite":11,"minecraft:bookshelf":1,"minecraft:iron_axe":527,"minecraft:polished_blackstone_brick_stairs":32,"minecraft:bamboo":13,"minecraft:basalt":23,"minecraft:golden_carrot":5,"minecraft:cooked_beef":10,"minecraft:cobbled_deepslate":113,"minecraft:wheat_seeds":8,"minecraft:cooked_mutton":34,"minecraft:water_bucket":13,"minecraft:cobblestone_stairs":22,"minecraft:birch_planks":2,"minecraft:glass_bottle":3,"minecraft:baked_potato":13,"minecraft:fletching_table":6,"minecraft:warped_roots":1,"minecraft:waxed_copper_block":2,"minecraft:polished_blackstone_bricks":1,"minecraft:oak_slab":93,"minecraft:crafting_table":13,"minecraft:red_bed":2,"minecraft:white_bed":11,"minecraft:oak_log":61,"minecraft:diamond_pickaxe":2863,"minecraft:ominous_trial_key":5,"minecraft:wind_charge":19,"minecraft:iron_pickaxe":330,"minecraft:spruce_trapdoor":2,"minecraft:stone_axe":153,"minecraft:cobblestone":272,"minecraft:potion":5,"minecraft:cooked_porkchop":34,"minecraft:bucket":14,"minecraft:glass_pane":7,"minecraft:yellow_bed":5,"minecraft:gray_wool":1}},"DataVersion":3953}