{"stats":{"minecraft:broken":{"minecraft:iron_shovel":2,"minecraft:diamond_helmet":1,"minecraft:shears":3,"minecraft:golden_sword":1,"minecraft:diamond_pickaxe":1,"minecraft:stone_axe":1,"minecraft:iron_sword":2,"minecraft:iron_axe":5,"minecraft:iron_pickaxe":1},"minecraft:mined":{"minecraft:spruce_planks":84,"minecraft:white_bed":23,"minecraft:cobblestone_stairs":22,"minecraft:brewing_stand":1,"minecraft:obsidian":70,"minecraft:cave_vines_plant":1,"minecraft:granite":16,"minecraft:budding_amethyst":1,"minecraft:grass_block":377,"minecraft:deepslate_bricks":1,"minecraft:chiseled_tuff_bricks":1,"minecraft:composter":8,"minecraft:crimson_fungus":1,"minecraft:nether_wart":28,"minecraft:tuff_bricks":61,"minecraft:polished_blackstone_bricks":1,"minecraft:weeping_vines_plant":3,"minecraft:magma_block":8,"minecraft:glowstone":12,"minecraft:iron_ore":114,"minecraft:cobbled_deepslate":47,"minecraft:fire":5,"minecraft:polished_tuff":3,"minecraft:moss_carpet":1,"minecraft:anvil":2,"minecraft:deepslate_lapis_ore":17,"minecraft:fletching_table":10,"minecraft:enchanting_table":2,"minecraft:pointed_dripstone":10,"minecraft:cave_vines":3,"minecraft:water_cauldron":4,"minecraft:dirt_path":32,"minecraft:azalea":2,"minecraft:deepslate_redstone_ore":61,"minecraft:brown_mushroom":21,"minecraft:red_bed":3,"minecraft:blackstone":29,"minecraft:medium_amethyst_bud":1,"minecraft:crimson_nylium":9,"minecraft:amethyst_cluster":3,"minecraft:clay":2,"minecraft:torch":12,"minecraft:calcite":9,"minecraft:chest":23,"minecraft:nether_quartz_ore":24,"minecraft:cobblestone":62,"minecraft:oak_planks":86,"minecraft:sugar_cane":20,"minecraft:waxed_chiseled_copper":1,"minecraft:wall_torch":16,"minecraft:amethyst_block":3,"minecraft:waxed_copper_bulb":1,"minecraft:warped_nylium":2,"minecraft:birch_log":43,"minecraft:wheat":78,"minecraft:waxed_copper_block":5,"minecraft:oak_log":372,"minecraft:beetroots":6,"minecraft:waxed_oxidized_copper":1,"minecraft:sand":12,"minecraft:dirt":200,"minecraft:smooth_basalt":6,"minecraft:stonecutter":2,"minecraft:netherrack":1789,"minecraft:deepslate":452,"minecraft:oak_leaves":874,"minecraft:tuff":47,"minecraft:deepslate_diamond_ore":75,"minecraft:oak_door":4,"minecraft:ladder":1,"minecraft:crimson_roots":7,"minecraft:spruce_leaves":32,"minecraft:moss_block":5,"minecraft:crimson_stem":43,"minecraft:hay_block":73,"minecraft:redstone_ore":3,"minecraft:furnace":14,"minecraft:carrots":29,"minecraft:nether_sprouts":1,"minecraft:andesite":24,"minecraft:vine":1,"minecraft:potatoes":98,"minecraft:bookshelf":1,"minecraft:deepslate_iron_ore":165,"minecraft:stripped_oak_log":1,"minecraft:bamboo_sapling":1,"minecraft:bamboo":52,"minecraft:waxed_weathered_copper_bulb":1,"minecraft:stone":438,"minecraft:smithing_table":1,"minecraft:flowering_azalea":1,"minecraft:oak_slab":6,"minecraft:light_gray_carpet":3,"minecraft:scaffolding":2,"minecraft:soul_sand":36,"minecraft:basalt":168,"minecraft:dandelion":5,"minecraft:oak_fence":4,"minecraft:crafting_table":5,"minecraft:short_grass":244,"minecraft:warped_roots":1,"minecraft:lectern":136,"minecraft:copper_ore":5,"minecraft:tall_grass":38,"minecraft:lapis_ore":18,"minecraft:deepslate_gold_ore":102,"minecraft:polished_blackstone_brick_stairs":30,"minecraft:diorite":16,"minecraft:warped_wart_block":3,"minecraft:birch_planks":7,"minecraft:white_carpet":9,"minecraft:spruce_log":764,"minecraft:birch_leaves":1,"minecraft:yellow_bed":11,"minecraft:coal_ore":270,"minecraft:dripstone_block":5,"minecraft:gravel":133,"minecraft:flower_pot":1,"minecraft:cobweb":7,"minecraft:gold_ore":6,"minecraft:fern":3},"minecraft:killed_by":{"minecraft:creeper":1,"minecraft:piglin":1,"minecraft:iron_golem":1,"minecraft:skeleton":1},"minecraft:custom":{"minecraft:animals_bred":2,"minecraft:interact_with_crafting_table":144,"minecraft:open_barrel":6,"minecraft:bell_ring":12,"minecraft:leave_game":3,"minecraft:time_since_death":91002,"minecraft:sprint_one_cm":1996151,"minecraft:damage_blocked_by_shield":1180,"minecraft:drop":171,"minecraft:talked_to_villager":249,"minecraft:play_time":780932,"minecraft:deaths":6,"minecraft:jump":13077,"minecraft:interact_with_brewingstand":28,"minecraft:walk_on_water_one_cm":85224,"minecraft:enchant_item":2,"minecraft:interact_with_furnace":156,"minecraft:traded_with_villager":175,"minecraft:sleep_in_bed":19,"minecraft:damage_dealt":58992,"minecraft:player_kills":1,"minecraft:crouch_one_cm":230503,"minecraft:use_cauldron":3,"minecraft:interact_with_smoker":20,"minecraft:inspect_dispenser":2,"minecraft:interact_with_anvil":4,"minecraft:mob_kills":506,"minecraft:inspect_hopper":1,"minecraft:climb_one_cm":54286,"minecraft:walk_one_cm":2425392,"minecraft:sneak_time":62944,"minecraft:walk_under_water_one_cm":58904,"minecraft:boat_one_cm":216883,"minecraft:interact_with_blast_furnace":13,"minecraft:total_world_time":780932,"minecraft:time_since_rest":7647,"minecraft:damage_taken":15113,"minecraft:swim_one_cm":319459,"minecraft:fly_one_cm":2282628,"minecraft:open_chest":780,"minecraft:fall_one_cm":306236},"minecraft:used":{"minecraft:tuff_bricks":66,"minecraft:iron_shovel":537,"minecraft:ladder":4,"minecraft:chest":46,"minecraft:shield":36,"minecraft:iron_sword":494,"minecraft:nether_wart":5,"minecraft:soul_sand":6,"minecraft:mutton":1,"minecraft:carrot":21,"minecraft:tuff":22,"minecraft:obsidian":46,"minecraft:honey_bottle":12,"minecraft:spruce_boat":1,"minecraft:waxed_oxidized_copper":3,"minecraft:lava_bucket":4,"minecraft:item_frame":6,"minecraft:golden_sword":2,"minecraft:magma_block":8,"minecraft:bow":34,"minecraft:hay_block":3,"minecraft:scaffolding":52,"minecraft:ominous_bottle":1,"minecraft:furnace":17,"minecraft:potato":128,"minecraft:diorite":11,"minecraft:oak_planks":236,"minecraft:stone_pickaxe":110,"minecraft:wooden_pickaxe":3,"minecraft:composter":5,"minecraft:oak_leaves":253,"minecraft:blast_furnace":3,"minecraft:shears":713,"minecraft:polished_tuff":3,"minecraft:mace":6,"minecraft:bread":52,"minecraft:lectern":139,"minecraft:gravel":111,"minecraft:diamond_sword":639,"minecraft:smithing_table":2,"minecraft:andesite":21,"minecraft:oak_boat":14,"minecraft:bone_meal":96,"minecraft:enchanting_table":3,"minecraft:flint_and_steel":4,"minecraft:stone_shovel":53,"minecraft:spruce_planks":213,"minecraft:stone_hoe":156,"minecraft:cooked_chicken":4,"minecraft:trial_key":5,"minecraft:netherrack":316,"minecraft:oak_door":8,"minecraft:spyglass":8,"minecraft:torch":446,"minecraft:brewing_stand":3,"minecraft:anvil":2,"minecraft:dirt":467,"minecraft:warped_wart_block":3,"minecraft:diamond_helmet":1,"minecraft:granite":11,"minecraft:bookshelf":4,"minecraft:iron_axe":1505,"minecraft:polished_blackstone_brick_stairs":32,"minecraft:bamboo":34,"minecraft:basalt":23,"minecraft:golden_carrot":5,"minecraft:cooked_beef":18,"minecraft:cobbled_deepslate":288,"minecraft:calcite":1,"minecraft:pointed_dripstone":6,"minecraft:wheat_seeds":65,"minecraft:cooked_mutton":34,"minecraft:water_bucket":24,"minecraft:cobblestone_stairs":22,"minecraft:birch_planks":2,"minecraft:glass_bottle":10,"minecraft:baked_potato":88,"minecraft:cauldron":4,"minecraft:fletching_table":12,"minecraft:deepslate_bricks":5,"minecraft:warped_roots":1,"minecraft:waxed_copper_block":2,"minecraft:polished_blackstone_bricks":1,"minecraft:oak_slab":120,"minecraft:crafting_table":15,"minecraft:red_bed":2,"minecraft:white_bed":21,"minecraft:painting":1,"minecraft:smoker":2,"minecraft:spruce_log":8,"minecraft:oak_log":87,"minecraft:diamond_pickaxe":3833,"minecraft:ominous_trial_key":5,"minecraft:wind_charge":19,"minecraft:iron_pickaxe":330,"minecraft:spruce_trapdoor":2,"minecraft:spruce_sapling":37,"minecraft:stone_axe":278,"minecraft:cobblestone":350,"minecraft:potion":9,"minecraft:cooked_porkchop":48,"minecraft:bucket":30,"minecraft:glass_pane":7,"minecraft:yellow_bed":7,"minecraft:splash_potion":1,"minecraft:dandelion":1,"minecraft:gray_wool":1},"minecraft:dropped":{"minecraft:short_grass":4,"minecraft:lapis_lazuli":16,"minecraft:glow_ink_sac":5,"minecraft:glass_bottle":10,"minecraft:diamond":20,"minecraft:crossbow":1,"minecraft:leather":2,"minecraft:dirt":5,"minecraft:mace":1,"minecraft:cornflower":2,"minecraft:crimson_roots":1,"minecraft:amethyst_shard":4,"minecraft:bone":8,"minecraft:golden_chestplate":2,"minecraft:cobbled_deepslate":48,"minecraft:rotten_flesh":14,"minecraft:light_gray_carpet":3,"minecraft:azure_bluet":1,"minecraft:poppy":2,"minecraft:gunpowder":7,"minecraft:azalea":1,"minecraft:breeze_rod":1,"minecraft:arrow":3,"minecraft:beef":1,"minecraft:netherrack":842,"minecraft:enchanted_book":1,"minecraft:bread":16,"minecraft:wheat_seeds":3,"minecraft:dripstone_block":1,"minecraft:cobblestone":1,"minecraft:oak_fence":1,"minecraft:iron_helmet":1,"minecraft:granite":3,"minecraft:ominous_trial_key":3,"minecraft:stick":3,"minecraft:oxeye_daisy":4,"minecraft:diorite":1,"minecraft:iron_leggings":10,"minecraft:golden_hoe":1,"minecraft:iron_axe":3,"minecraft:string":21,"minecraft:redstone":23,"minecraft:tuff_bricks":3,"minecraft:raw_copper":11,"minecraft:tuff":1,"minecraft:stone_shovel":33,"minecraft:chicken":1,"minecraft:white_carpet":9,"minecraft:clay_ball":32,"minecraft:iron_boots":5,"minecraft:trial_key":2,"minecraft:spruce_planks":1,"minecraft:diamond_pickaxe":1,"minecraft:andesite":2,"minecraft:golden_leggings":2,"minecraft:oak_sapling":1,"minecraft:spider_eye":2,"minecraft:slime_ball":72,"minecraft:bow":1,"minecraft:stone_pickaxe":1,"minecraft:wooden_pickaxe":1,"minecraft:brick":72},"minecraft:crafted":{"minecraft:ender_chest":1,"minecraft:smooth_stone":9,"minecraft:oak_planks":1004,"minecraft:blaze_powder":4,"minecraft:cooked_chicken":11,"minecraft:stone":9,"minecraft:cobblestone_stairs":8,"minecraft:bookshelf":7,"minecraft:cooked_mutton":34,"minecraft:mace":1,"minecraft:glass":12,"minecraft:diamond_helmet":2,"minecraft:bow":1,"minecraft:diamond_leggings":1,"minecraft:iron_boots":3,"minecraft:polished_blackstone":24,"minecraft:chest":26,"minecraft:stone_hoe":1,"minecraft:ender_eye":1,"minecraft:smoker":2,"minecraft:glass_bottle":6,"minecraft:item_frame":6,"minecraft:oak_slab":126,"minecraft:emerald":146,"minecraft:cooked_porkchop":48,"minecraft:crafting_table":10,"minecraft:spruce_planks":2200,"minecraft:baked_potato":108,"minecraft:wooden_pickaxe":1,"minecraft:iron_helmet":2,"minecraft:smithing_table":1,"minecraft:copper_ingot":2,"minecraft:fletching_table":2,"minecraft:brewing_stand":2,"minecraft:painting":1,"minecraft:spruce_trapdoor":2,"minecraft:lectern":3,"minecraft:iron_chestplate":2,"minecraft:book":7,"minecraft:paper":12,"minecraft:diamond_pickaxe":2,"minecraft:shield":2,"minecraft:stick":4594,"minecraft:iron_ingot":267,"minecraft:iron_pickaxe":2,"minecraft:iron_block":3,"minecraft:gold_ingot":52,"minecraft:polished_blackstone_brick_stairs":16,"minecraft:polished_blackstone_bricks":24,"minecraft:deepslate_bricks":4,"minecraft:shears":3,"minecraft:oak_door":3,"minecraft:stone_shovel":23,"minecraft:spyglass":1,"minecraft:furnace":8,"minecraft:blast_furnace":3,"minecraft:bone_meal":111,"minecraft:glass_pane":16,"minecraft:flint_and_steel":2,"minecraft:scaffolding":84,"minecraft:polished_deepslate":4,"minecraft:iron_axe":6,"minecraft:ladder":3,"minecraft:stone_pickaxe":1,"minecraft:diamond_boots":2,"minecraft:spruce_boat":1,"minecraft:redstone_block":15,"minecraft:wheat":171,"minecraft:cooked_beef":16,"minecraft:sugar":2,"minecraft:diamond_sword":1,"minecraft:enchanting_table":1,"minecraft:iron_sword":2,"minecraft:bucket":1,"minecraft:stone_axe":3,"minecraft:enchanted_book":3,"minecraft:air":0,"minecraft:bread":56,"minecraft:oak_boat":4,"minecraft:golden_apple":1,"minecraft:fermented_spider_eye":1,"minecraft:iron_shovel":3,"minecraft:iron_leggings":7,"minecraft:anvil":1,"minecraft:white_bed":1,"minecraft:torch":420,"minecraft:diamond_chestplate":2},"minecraft:picked_up":{"minecraft:iron_chestplate":3,"minecraft:wheat":73,"minecraft:ender_chest":1,"minecraft:anvil":2,"minecraft:flower_pot":1,"minecraft:smithing_table":1,"minecraft:diamond_sword":4,"minecraft:potion":10,"minecraft:enchanted_book":7,"minecraft:brewing_stand":1,"minecraft:golden_sword":4,"minecraft:amethyst_block":3,"minecraft:polished_blackstone_brick_stairs":30,"minecraft:string":82,"minecraft:raw_copper":23,"minecraft:cooked_salmon":6,"minecraft:iron_leggings":11,"minecraft:pufferfish":1,"minecraft:beetroot":6,"minecraft:cobbled_deepslate":568,"minecraft:bucket":1,"minecraft:spruce_planks":339,"minecraft:trial_key":7,"minecraft:azalea":1,"minecraft:calcite":9,"minecraft:iron_pickaxe":1,"minecraft:enchanted_golden_apple":2,"minecraft:iron_boots":7,"minecraft:furnace":15,"minecraft:tipped_arrow":19,"minecraft:stick":48,"minecraft:composter":8,"minecraft:oak_fence":22,"minecraft:torch":53,"minecraft:porkchop":56,"minecraft:waxed_weathered_copper_bulb":1,"minecraft:waxed_copper_grate":1,"minecraft:pointed_dripstone":15,"minecraft:diorite":17,"minecraft:golden_chestplate":2,"minecraft:cauldron":4,"minecraft:rotten_flesh":97,"minecraft:honey_bottle":6,"minecraft:tropical_fish":1,"minecraft:bookshelf":3,"minecraft:blaze_rod":12,"minecraft:obsidian":70,"minecraft:blaze_powder":1,"minecraft:cobblestone":664,"minecraft:birch_log":43,"minecraft:enchanting_table":2,"minecraft:magma_block":8,"minecraft:leather_chestplate":1,"minecraft:feather":27,"minecraft:cooked_beef":2,"minecraft:magma_cream":3,"minecraft:water_bucket":3,"minecraft:andesite":26,"minecraft:potato":339,"minecraft:golden_leggings":3,"minecraft:flint":13,"minecraft:tuff":27,"minecraft:lapis_lazuli":228,"minecraft:dirt":737,"minecraft:name_tag":1,"minecraft:bone":127,"minecraft:stonecutter":2,"minecraft:bow":7,"minecraft:wheat_seeds":269,"minecraft:raw_gold":188,"minecraft:bolt_armor_trim_smithing_template":1,"minecraft:glowstone_dust":68,"minecraft:fletching_table":10,"minecraft:diamond_helmet":4,"minecraft:bamboo":471,"minecraft:scrape_pottery_sherd":3,"minecraft:oak_planks":115,"minecraft:cooked_porkchop":15,"minecraft:poisonous_potato":2,"minecraft:warped_wart_block":3,"minecraft:axolotl_bucket":1,"minecraft:waxed_chiseled_copper":1,"minecraft:sand":12,"minecraft:grass_block":2,"minecraft:diamond":140,"minecraft:spruce_boat":2,"minecraft:granite":16,"minecraft:crossbow":3,"minecraft:breeze_rod":16,"minecraft:emerald":154,"minecraft:bread":10,"minecraft:oak_sapling":11,"minecraft:light_gray_carpet":3,"minecraft:netherrack":3813,"minecraft:ominous_trial_key":14,"minecraft:oak_leaves":1050,"minecraft:crimson_roots":19,"minecraft:diamond_pickaxe":7,"minecraft:fishing_rod":1,"minecraft:crafting_table":5,"minecraft:ladder":1,"minecraft:azure_bluet":2,"minecraft:ominous_bottle":1,"minecraft:chicken":33,"minecraft:nether_wart":87,"minecraft:clay_ball":40,"minecraft:brown_mushroom":42,"minecraft:diamond_horse_armor":1,"minecraft:brick":72,"minecraft:shield":2,"minecraft:wind_charge":39,"minecraft:moss_carpet":1,"minecraft:cornflower":2,"minecraft:red_bed":3,"minecraft:flow_banner_pattern":1,"minecraft:iron_axe":5,"minecraft:flint_and_steel":4,"minecraft:white_carpet":9,"minecraft:iron_shovel":1,"minecraft:blackstone":54,"minecraft:beef":51,"minecraft:oak_boat":15,"minecraft:iron_nugget":7,"minecraft:poppy":7,"minecraft:lectern":136,"minecraft:sugar_cane":47,"minecraft:chest":24,"minecraft:waxed_oxidized_copper":7,"minecraft:egg":7,"minecraft:raw_iron":419,"minecraft:oak_door":6,"minecraft:polished_blackstone_bricks":1,"minecraft:mace":2,"minecraft:carrot":105,"minecraft:redstone":319,"minecraft:stone_shovel":23,"minecraft:arrow":285,"minecraft:weeping_vines":5,"minecraft:diamond_chestplate":3,"minecraft:cooked_cod":1,"minecraft:beetroot_seeds":16,"minecraft:golden_hoe":1,"minecraft:diamond_boots":1,"minecraft:deepslate_bricks":1,"minecraft:hay_block":72,"minecraft:flow_armor_trim_smithing_template":4,"minecraft:tuff_bricks":80,"minecraft:mutton":35,"minecraft:white_wool":36,"minecraft:oxeye_daisy":6,"minecraft:stripped_oak_log":1,"minecraft:basalt":434,"minecraft:golden_carrot":5,"minecraft:glow_ink_sac":10,"minecraft:crimson_stem":98,"minecraft:leather":36,"minecraft:birch_planks":8,"minecraft:waxed_copper_bulb":1,"minecraft:crimson_fungus":2,"minecraft:lily_pad":6,"minecraft:oak_log":374,"minecraft:waxed_copper_block":3,"minecraft:yellow_bed":11,"minecraft:gunpowder":23,"minecraft:cobblestone_stairs":22,"minecraft:cooked_mutton":1,"minecraft:apple":3,"minecraft:iron_ingot":95,"minecraft:stone_pickaxe":1,"minecraft:cooked_chicken":2,"minecraft:glass_bottle":8,"minecraft:flowering_azalea":1,"minecraft:iron_sword":1,"minecraft:soul_sand":91,"minecraft:book":4,"minecraft:scaffolding":6,"minecraft:oak_slab":6,"minecraft:smooth_basalt":6,"minecraft:emerald_block":1,"minecraft:heavy_core":1,"minecraft:quartz":59,"minecraft:dandelion":13,"minecraft:spyglass":1,"minecraft:dripstone_block":3,"minecraft:gravel":132,"minecraft:amethyst_shard":43,"minecraft:spruce_sapling":54,"minecraft:white_bed":24,"minecraft:spruce_log":762,"minecraft:spider_eye":17,"minecraft:polished_tuff":3,"minecraft:slime_ball":323,"minecraft:stone_axe":2,"minecraft:short_grass":8,"minecraft:iron_helmet":3,"minecraft:gray_wool":1,"minecraft:warped_roots":5,"minecraft:baked_potato":122,"minecraft:warped_nylium":2,"minecraft:coal":417,"minecraft:ender_pearl":4},"minecraft:killed":{"minecraft:zombified_piglin":1,"minecraft:spider":34,"minecraft:skeleton":63,"minecraft:chicken":13,"minecraft:magma_cube":17,"minecraft:piglin":20,"minecraft:pig":15,"minecraft:iron_golem":2,"minecraft:creeper":9,"minecraft:sheep":24,"minecraft:zombie":70,"minecraft:cow":18,"minecraft:blaze":15,"minecraft:slime":165,"minecraft:horse":1,"minecraft:drowned":1,"minecraft:hoglin":7,"minecraft:breeze":6,"minecraft:wither_skeleton":9,"minecraft:enderman":9}},"DataVersion":3953}