{"stats":{"minecraft:broken":{"minecraft:diamond_helmet":1,"minecraft:shears":3,"minecraft:iron_leggings":1,"minecraft:golden_sword":1,"minecraft:diamond_pickaxe":1,"minecraft:iron_sword":2,"minecraft:iron_axe":10,"minecraft:iron_pickaxe":1,"minecraft:iron_shovel":6,"minecraft:stone_axe":1},"minecraft:mined":{"minecraft:white_bed":55,"minecraft:obsidian":73,"minecraft:granite":17,"minecraft:deepslate_bricks":1,"minecraft:chiseled_tuff_bricks":1,"minecraft:hopper":1,"minecraft:crimson_fungus":1,"minecraft:nether_wart":28,"minecraft:spawner":1,"minecraft:polished_blackstone_bricks":1,"minecraft:weeping_vines_plant":3,"minecraft:magma_block":8,"minecraft:cobbled_deepslate":47,"minecraft:fire":18,"minecraft:barrel":3,"minecraft:pumpkin":1,"minecraft:moss_carpet":1,"minecraft:fletching_table":23,"minecraft:deepslate_lapis_ore":17,"minecraft:enchanting_table":4,"minecraft:cave_vines":3,"minecraft:water_cauldron":4,"minecraft:dirt_path":33,"minecraft:brown_mushroom":21,"minecraft:red_bed":3,"minecraft:crimson_nylium":20,"minecraft:amethyst_cluster":3,"minecraft:torch":14,"minecraft:blast_furnace":2,"minecraft:glass":15,"minecraft:sugar_cane":20,"minecraft:amethyst_block":3,"minecraft:waxed_copper_bulb":1,"minecraft:wheat":99,"minecraft:waxed_copper_block":5,"minecraft:birch_button":1,"minecraft:smooth_basalt":6,"minecraft:stonecutter":2,"minecraft:deepslate":518,"minecraft:nether_bricks":4,"minecraft:spruce_fence":2,"minecraft:crimson_roots":7,"minecraft:moss_block":5,"minecraft:redstone_ore":3,"minecraft:andesite":31,"minecraft:potatoes":124,"minecraft:cobblestone_slab":2,"minecraft:vine":1,"minecraft:rail":16,"minecraft:bamboo_sapling":1,"minecraft:bamboo":65,"minecraft:waxed_weathered_copper_bulb":1,"minecraft:cake":1,"minecraft:ender_chest":6,"minecraft:smithing_table":3,"minecraft:oak_slab":7,"minecraft:light_gray_carpet":3,"minecraft:soul_sand":36,"minecraft:dandelion":8,"minecraft:cornflower":1,"minecraft:short_grass":424,"minecraft:warped_roots":1,"minecraft:tall_grass":49,"minecraft:copper_ore":7,"minecraft:deepslate_gold_ore":102,"minecraft:diorite":20,"minecraft:warped_wart_block":3,"minecraft:white_carpet":9,"minecraft:spruce_log":1935,"minecraft:birch_leaves":1,"minecraft:gravel":147,"minecraft:dripstone_block":5,"minecraft:cobweb":9,"minecraft:stone_bricks":8,"minecraft:gold_ore":7,"minecraft:fern":3,"minecraft:spruce_planks":381,"minecraft:cobblestone_stairs":22,"minecraft:brewing_stand":3,"minecraft:spruce_trapdoor":4,"minecraft:cave_vines_plant":1,"minecraft:budding_amethyst":1,"minecraft:grass_block":713,"minecraft:composter":9,"minecraft:tuff_bricks":61,"minecraft:glowstone":12,"minecraft:iron_ore":116,"minecraft:polished_tuff":3,"minecraft:anvil":2,"minecraft:azure_bluet":1,"minecraft:pointed_dripstone":10,"minecraft:azalea":2,"minecraft:spruce_slab":10,"minecraft:deepslate_redstone_ore":61,"minecraft:blackstone":35,"minecraft:medium_amethyst_bud":1,"minecraft:clay":2,"minecraft:calcite":9,"minecraft:chest":23,"minecraft:nether_quartz_ore":24,"minecraft:cobblestone":75,"minecraft:oak_planks":105,"minecraft:waxed_chiseled_copper":1,"minecraft:iron_door":17,"minecraft:wall_torch":22,"minecraft:cauldron":7,"minecraft:warped_nylium":2,"minecraft:powered_rail":4,"minecraft:birch_log":43,"minecraft:lava_cauldron":1,"minecraft:oak_log":378,"minecraft:beetroots":6,"minecraft:waxed_oxidized_copper":1,"minecraft:sand":135,"minecraft:dirt":603,"minecraft:netherrack":4082,"minecraft:oak_leaves":925,"minecraft:tuff":52,"minecraft:deepslate_diamond_ore":80,"minecraft:oak_door":4,"minecraft:ladder":1,"minecraft:spruce_leaves":52,"minecraft:crimson_stem":43,"minecraft:hay_block":73,"minecraft:furnace":14,"minecraft:spruce_sapling":1,"minecraft:carrots":531,"minecraft:nether_sprouts":1,"minecraft:detector_rail":2,"minecraft:bookshelf":50,"minecraft:deepslate_iron_ore":165,"minecraft:stripped_oak_log":1,"minecraft:stone":670,"minecraft:redstone_wall_torch":1,"minecraft:acacia_leaves":1,"minecraft:scaffolding":2,"minecraft:flowering_azalea":1,"minecraft:infested_stone_bricks":2,"minecraft:basalt":176,"minecraft:oak_fence":4,"minecraft:crafting_table":11,"minecraft:lectern":298,"minecraft:stone_slab":1,"minecraft:lapis_ore":18,"minecraft:polished_blackstone_brick_stairs":30,"minecraft:birch_planks":7,"minecraft:redstone_torch":1,"minecraft:yellow_bed":13,"minecraft:coal_ore":286,"minecraft:flower_pot":1,"minecraft:cracked_stone_bricks":2,"minecraft:mossy_stone_bricks":7},"minecraft:killed_by":{"minecraft:creeper":1,"minecraft:piglin":1,"minecraft:iron_golem":1,"minecraft:skeleton":1},"minecraft:custom":{"minecraft:interact_with_crafting_table":207,"minecraft:open_barrel":26,"minecraft:bell_ring":17,"minecraft:eat_cake_slice":3,"minecraft:leave_game":7,"minecraft:time_since_death":857817,"minecraft:damage_blocked_by_shield":1790,"minecraft:play_time":1547747,"minecraft:deaths":6,"minecraft:jump":20884,"minecraft:enchant_item":2,"minecraft:interact_with_furnace":247,"minecraft:traded_with_villager":691,"minecraft:sleep_in_bed":35,"minecraft:damage_dealt":107022,"minecraft:interact_with_smoker":28,"minecraft:use_cauldron":22,"minecraft:inspect_dispenser":2,"minecraft:interact_with_anvil":14,"minecraft:inspect_hopper":12,"minecraft:sneak_time":78356,"minecraft:interact_with_blast_furnace":20,"minecraft:total_world_time":1547747,"minecraft:time_since_rest":150250,"minecraft:swim_one_cm":439768,"minecraft:fly_one_cm":3868678,"minecraft:open_chest":1215,"minecraft:fall_one_cm":458912,"minecraft:animals_bred":2,"minecraft:sprint_one_cm":3310068,"minecraft:drop":346,"minecraft:talked_to_villager":652,"minecraft:interact_with_brewingstand":39,"minecraft:walk_on_water_one_cm":123992,"minecraft:open_enderchest":40,"minecraft:player_kills":1,"minecraft:crouch_one_cm":290518,"minecraft:mob_kills":765,"minecraft:fill_cauldron":8,"minecraft:climb_one_cm":93645,"minecraft:walk_one_cm":4844378,"minecraft:walk_under_water_one_cm":73743,"minecraft:boat_one_cm":517834,"minecraft:interact_with_grindstone":5,"minecraft:damage_taken":20884,"minecraft:minecart_one_cm":2783},"minecraft:used":{"minecraft:tuff_bricks":66,"minecraft:spruce_slab":26,"minecraft:ladder":5,"minecraft:chest":50,"minecraft:stone":148,"minecraft:soul_sand":7,"minecraft:spruce_boat":28,"minecraft:lava_bucket":31,"minecraft:bow":95,"minecraft:ominous_bottle":1,"minecraft:furnace":17,"minecraft:potato":128,"minecraft:diorite":11,"minecraft:powered_rail":4,"minecraft:wooden_pickaxe":3,"minecraft:composter":7,"minecraft:oak_leaves":253,"minecraft:cookie":12,"minecraft:sand":1,"minecraft:blast_furnace":5,"minecraft:lectern":302,"minecraft:diamond_sword":1377,"minecraft:smithing_table":4,"minecraft:oak_boat":34,"minecraft:enchanting_table":5,"minecraft:netherrack":539,"minecraft:trial_key":5,"minecraft:torch":499,"minecraft:brewing_stand":5,"minecraft:warped_wart_block":3,"minecraft:anvil":4,"minecraft:iron_axe":2988,"minecraft:barrel":7,"minecraft:bamboo":34,"minecraft:basalt":23,"minecraft:tripwire_hook":2,"minecraft:glowstone":1,"minecraft:cobbled_deepslate":288,"minecraft:pointed_dripstone":6,"minecraft:calcite":1,"minecraft:wheat_seeds":65,"minecraft:water_bucket":50,"minecraft:birch_planks":2,"minecraft:cauldron":12,"minecraft:fletching_table":25,"minecraft:spruce_fence_gate":3,"minecraft:deepslate_bricks":5,"minecraft:polished_blackstone_bricks":1,"minecraft:rail":17,"minecraft:oak_slab":120,"minecraft:crafting_table":23,"minecraft:red_bed":2,"minecraft:white_bed":58,"minecraft:cake":1,"minecraft:spruce_log":11,"minecraft:oak_log":87,"minecraft:ender_eye":22,"minecraft:diamond_pickaxe":6454,"minecraft:diamond_shovel":1,"minecraft:ominous_trial_key":5,"minecraft:wind_charge":19,"minecraft:iron_pickaxe":478,"minecraft:spruce_trapdoor":8,"minecraft:spruce_sapling":98,"minecraft:cobblestone":390,"minecraft:potion":11,"minecraft:porkchop":3,"minecraft:cooked_porkchop":48,"minecraft:glass_pane":7,"minecraft:dandelion":2,"minecraft:iron_shovel":1687,"minecraft:shield":44,"minecraft:iron_sword":494,"minecraft:nether_wart":5,"minecraft:mutton":1,"minecraft:nether_bricks":4,"minecraft:carrot":575,"minecraft:tuff":22,"minecraft:obsidian":46,"minecraft:honey_bottle":12,"minecraft:glass":79,"minecraft:waxed_oxidized_copper":3,"minecraft:coal_ore":5,"minecraft:stone_bricks":10,"minecraft:item_frame":7,"minecraft:birch_button":9,"minecraft:golden_sword":2,"minecraft:magma_block":8,"minecraft:hay_block":3,"minecraft:scaffolding":52,"minecraft:stone_pickaxe":110,"minecraft:oak_planks":252,"minecraft:diamond_axe":355,"minecraft:crossbow":15,"minecraft:shears":714,"minecraft:polished_tuff":3,"minecraft:redstone_torch":2,"minecraft:lever":1,"minecraft:mace":6,"minecraft:bread":52,"minecraft:string":2,"minecraft:deepslate":21,"minecraft:gravel":115,"minecraft:grindstone":1,"minecraft:andesite":27,"minecraft:bone_meal":212,"minecraft:flint_and_steel":22,"minecraft:stone_shovel":53,"minecraft:spruce_planks":704,"minecraft:ender_chest":6,"minecraft:stone_hoe":156,"minecraft:cooked_chicken":4,"minecraft:oak_door":8,"minecraft:dirt":955,"minecraft:spyglass":52,"minecraft:hopper":3,"minecraft:diamond_helmet":1,"minecraft:spruce_fence":90,"minecraft:granite":11,"minecraft:iron_hoe":14,"minecraft:bookshelf":9,"minecraft:polished_blackstone_brick_stairs":32,"minecraft:golden_carrot":16,"minecraft:minecart":3,"minecraft:cooked_beef":34,"minecraft:cooked_mutton":34,"minecraft:iron_ore":1,"minecraft:cobblestone_stairs":22,"minecraft:glass_bottle":13,"minecraft:baked_potato":121,"minecraft:spruce_sign":9,"minecraft:cobblestone_slab":9,"minecraft:waxed_copper_block":2,"minecraft:warped_roots":1,"minecraft:painting":1,"minecraft:smoker":2,"minecraft:detector_rail":2,"minecraft:stone_slab":52,"minecraft:stone_axe":278,"minecraft:bucket":93,"minecraft:yellow_bed":9,"minecraft:pumpkin_pie":92,"minecraft:gray_wool":1,"minecraft:splash_potion":3},"minecraft:dropped":{"minecraft:short_grass":4,"minecraft:lapis_lazuli":16,"minecraft:glow_ink_sac":5,"minecraft:glass_bottle":11,"minecraft:diamond":20,"minecraft:crossbow":1,"minecraft:cookie":96,"minecraft:dirt":22,"minecraft:phantom_membrane":1,"minecraft:bone":8,"minecraft:iron_nugget":56,"minecraft:golden_chestplate":2,"minecraft:cobbled_deepslate":48,"minecraft:wheat":1,"minecraft:obsidian":1,"minecraft:rotten_flesh":15,"minecraft:light_gray_carpet":3,"minecraft:azure_bluet":1,"minecraft:breeze_rod":1,"minecraft:spruce_slab":1,"minecraft:beef":1,"minecraft:enchanted_book":1,"minecraft:wheat_seeds":5,"minecraft:dripstone_block":1,"minecraft:oak_fence":1,"minecraft:iron_helmet":1,"minecraft:cobblestone":1,"minecraft:granite":3,"minecraft:oxeye_daisy":4,"minecraft:ink_sac":1,"minecraft:golden_hoe":1,"minecraft:chainmail_leggings":65,"minecraft:string":23,"minecraft:stone_shovel":33,"minecraft:white_carpet":9,"minecraft:chicken":1,"minecraft:clay_ball":32,"minecraft:iron_boots":5,"minecraft:spruce_planks":2,"minecraft:diamond_pickaxe":1,"minecraft:spider_eye":2,"minecraft:bow":9,"minecraft:crimson_nylium":2,"minecraft:leather":2,"minecraft:mace":1,"minecraft:cornflower":2,"minecraft:crimson_roots":5,"minecraft:amethyst_shard":4,"minecraft:pumpkin_pie":1,"minecraft:gold_ingot":128,"minecraft:gravel":34,"minecraft:carrot":1183,"minecraft:poppy":3,"minecraft:gunpowder":11,"minecraft:azalea":1,"minecraft:arrow":5,"minecraft:netherrack":1958,"minecraft:bread":112,"minecraft:minecart":1,"minecraft:ominous_trial_key":3,"minecraft:stick":3,"minecraft:diorite":1,"minecraft:torch":13,"minecraft:fire_charge":1,"minecraft:iron_leggings":20,"minecraft:iron_axe":3,"minecraft:redstone":23,"minecraft:tuff_bricks":3,"minecraft:raw_copper":11,"minecraft:tuff":1,"minecraft:trial_key":2,"minecraft:andesite":2,"minecraft:cake":4,"minecraft:golden_leggings":2,"minecraft:oak_sapling":1,"minecraft:slime_ball":72,"minecraft:stone_pickaxe":1,"minecraft:wooden_pickaxe":1,"minecraft:brick":72},"minecraft:crafted":{"minecraft:ender_chest":1,"minecraft:smooth_stone":9,"minecraft:blaze_powder":18,"minecraft:lever":1,"minecraft:diamond_shovel":1,"minecraft:bookshelf":13,"minecraft:nether_brick":563,"minecraft:cooked_mutton":34,"minecraft:mace":1,"minecraft:glass":136,"minecraft:diamond_helmet":2,"minecraft:diamond_leggings":3,"minecraft:polished_blackstone":24,"minecraft:stone_pressure_plate":1,"minecraft:glass_bottle":9,"minecraft:emerald":534,"minecraft:cooked_porkchop":48,"minecraft:diamond_axe":1,"minecraft:smithing_table":1,"minecraft:copper_ingot":2,"minecraft:fletching_table":3,"minecraft:painting":1,"minecraft:lectern":4,"minecraft:stone_slab":54,"minecraft:iron_pickaxe":3,"minecraft:iron_block":6,"minecraft:gold_ingot":116,"minecraft:composter":1,"minecraft:spruce_fence_gate":3,"minecraft:polished_blackstone_bricks":24,"minecraft:golden_carrot":42,"minecraft:stone_shovel":23,"minecraft:iron_nugget":6,"minecraft:spyglass":1,"minecraft:bone_meal":219,"minecraft:spruce_fence":96,"minecraft:detector_rail":6,"minecraft:ladder":6,"minecraft:spruce_slab":36,"minecraft:stone_pickaxe":1,"minecraft:diamond_boots":3,"minecraft:spruce_boat":5,"minecraft:redstone_block":15,"minecraft:chainmail_leggings":18,"minecraft:wheat":171,"minecraft:enchanting_table":1,"minecraft:glowstone":1,"minecraft:enchanted_book":17,"minecraft:golden_apple":5,"minecraft:fermented_spider_eye":1,"minecraft:iron_shovel":7,"minecraft:iron_leggings":13,"minecraft:white_bed":3,"minecraft:grindstone":1,"minecraft:oak_planks":1028,"minecraft:cobblestone_slab":6,"minecraft:barrel":4,"minecraft:cooked_chicken":11,"minecraft:cobblestone_stairs":8,"minecraft:stone":11,"minecraft:cake":4,"minecraft:hopper":2,"minecraft:bow":6,"minecraft:iron_boots":3,"minecraft:chest":28,"minecraft:rail":16,"minecraft:birch_button":6,"minecraft:stone_hoe":1,"minecraft:ender_eye":14,"minecraft:golden_boots":1,"minecraft:smoker":2,"minecraft:oak_slab":126,"minecraft:item_frame":6,"minecraft:arrow":192,"minecraft:crafting_table":14,"minecraft:spruce_planks":7388,"minecraft:wooden_pickaxe":1,"minecraft:baked_potato":108,"minecraft:iron_helmet":2,"minecraft:birch_planks":8,"minecraft:brewing_stand":2,"minecraft:spruce_trapdoor":6,"minecraft:book":7,"minecraft:iron_chestplate":2,"minecraft:paper":12,"minecraft:diamond_pickaxe":2,"minecraft:shield":2,"minecraft:stick":14291,"minecraft:iron_ingot":278,"minecraft:polished_blackstone_brick_stairs":16,"minecraft:redstone_torch":1,"minecraft:deepslate_bricks":4,"minecraft:shears":4,"minecraft:oak_door":3,"minecraft:cookie":108,"minecraft:tripwire_hook":2,"minecraft:furnace":8,"minecraft:blast_furnace":3,"minecraft:glass_pane":16,"minecraft:flint_and_steel":4,"minecraft:scaffolding":84,"minecraft:polished_deepslate":4,"minecraft:iron_axe":13,"minecraft:iron_hoe":1,"minecraft:minecart":1,"minecraft:cooked_beef":32,"minecraft:sugar":3,"minecraft:diamond_sword":1,"minecraft:spruce_sign":9,"minecraft:powered_rail":6,"minecraft:iron_sword":2,"minecraft:nether_bricks":129,"minecraft:bucket":1,"minecraft:stone_axe":3,"minecraft:bread":152,"minecraft:air":0,"minecraft:oak_boat":5,"minecraft:anvil":2,"minecraft:pumpkin_pie":92,"minecraft:torch":468,"minecraft:diamond_chestplate":2},"minecraft:picked_up":{"minecraft:iron_chestplate":3,"minecraft:flower_pot":1,"minecraft:anvil":2,"minecraft:smithing_table":3,"minecraft:stone_slab":1,"minecraft:diamond_sword":4,"minecraft:enchanted_book":7,"minecraft:birch_button":3,"minecraft:brewing_stand":3,"minecraft:golden_sword":4,"minecraft:amethyst_block":3,"minecraft:polished_blackstone_brick_stairs":30,"minecraft:string":873,"minecraft:cooked_salmon":6,"minecraft:pufferfish":1,"minecraft:beetroot":6,"minecraft:gold_nugget":2,"minecraft:cobbled_deepslate":568,"minecraft:spruce_planks":641,"minecraft:trial_key":7,"minecraft:enchanted_golden_apple":2,"minecraft:composter":9,"minecraft:waxed_weathered_copper_bulb":1,"minecraft:waxed_copper_grate":1,"minecraft:golden_chestplate":2,"minecraft:cauldron":12,"minecraft:honey_bottle":6,"minecraft:tropical_fish":1,"minecraft:bookshelf":3,"minecraft:blaze_rod":25,"minecraft:birch_log":43,"minecraft:magma_block":8,"minecraft:feather":27,"minecraft:cooked_beef":2,"minecraft:iron_door":17,"minecraft:water_bucket":3,"minecraft:flint":18,"minecraft:stonecutter":2,"minecraft:diamond_helmet":4,"minecraft:glowstone_dust":68,"minecraft:warped_wart_block":3,"minecraft:ink_sac":1,"minecraft:barrel":3,"minecraft:deepslate":58,"minecraft:granite":17,"minecraft:bread":10,"minecraft:light_gray_carpet":3,"minecraft:ominous_trial_key":14,"minecraft:crimson_roots":23,"minecraft:diamond_pickaxe":7,"minecraft:crafting_table":11,"minecraft:ominous_bottle":1,"minecraft:nether_wart":87,"minecraft:clay_ball":40,"minecraft:wind_charge":39,"minecraft:cornflower":3,"minecraft:flow_banner_pattern":1,"minecraft:red_bed":3,"minecraft:flint_and_steel":4,"minecraft:white_carpet":9,"minecraft:iron_shovel":1,"minecraft:cracked_stone_bricks":2,"minecraft:deepslate_diamond_ore":5,"minecraft:beef":51,"minecraft:iron_nugget":63,"minecraft:poppy":13,"minecraft:spruce_slab":10,"minecraft:minecart":3,"minecraft:chest":24,"minecraft:waxed_oxidized_copper":7,"minecraft:egg":7,"minecraft:stone":178,"minecraft:oak_door":6,"minecraft:spruce_fence":5,"minecraft:fire_charge":3,"minecraft:cake":2,"minecraft:mace":2,"minecraft:carrot":1857,"minecraft:redstone":319,"minecraft:cooked_cod":1,"minecraft:stone_shovel":23,"minecraft:diamond_chestplate":3,"minecraft:beetroot_seeds":16,"minecraft:deepslate_bricks":1,"minecraft:diamond_boots":1,"minecraft:hay_block":72,"minecraft:gold_ingot":62,"minecraft:flow_armor_trim_smithing_template":4,"minecraft:tuff_bricks":80,"minecraft:mutton":35,"minecraft:rail":17,"minecraft:white_wool":36,"minecraft:oxeye_daisy":6,"minecraft:stripped_oak_log":1,"minecraft:oak_log":380,"minecraft:lily_pad":6,"minecraft:golden_boots":2,"minecraft:stone_bricks":10,"minecraft:apple":3,"minecraft:stone_pickaxe":1,"minecraft:iron_ore":2,"minecraft:glass_bottle":9,"minecraft:iron_sword":2,"minecraft:flowering_azalea":1,"minecraft:smooth_basalt":6,"minecraft:spyglass":1,"minecraft:gravel":170,"minecraft:spruce_sapling":166,"minecraft:spruce_log":1932,"minecraft:crying_obsidian":8,"minecraft:polished_tuff":3,"minecraft:coal_ore":11,"minecraft:slime_ball":323,"minecraft:stone_axe":2,"minecraft:short_grass":8,"minecraft:gray_wool":1,"minecraft:warped_roots":5,"minecraft:baked_potato":122,"minecraft:warped_nylium":2,"minecraft:crimson_nylium":10,"minecraft:hopper":1,"minecraft:ender_pearl":15,"minecraft:wheat":81,"minecraft:ender_chest":7,"minecraft:potion":11,"minecraft:nether_brick":15,"minecraft:raw_copper":23,"minecraft:iron_leggings":21,"minecraft:bucket":1,"minecraft:redstone_torch":2,"minecraft:cobblestone_slab":3,"minecraft:ender_eye":9,"minecraft:calcite":9,"minecraft:azalea":1,"minecraft:iron_pickaxe":1,"minecraft:iron_boots":7,"minecraft:furnace":15,"minecraft:tipped_arrow":19,"minecraft:stick":115,"minecraft:oak_fence":22,"minecraft:torch":77,"minecraft:porkchop":70,"minecraft:pointed_dripstone":15,"minecraft:diorite":21,"minecraft:rotten_flesh":233,"minecraft:obsidian":74,"minecraft:blaze_powder":1,"minecraft:cobblestone":677,"minecraft:enchanting_table":4,"minecraft:leather_chestplate":1,"minecraft:magma_cream":3,"minecraft:andesite":32,"minecraft:golden_leggings":3,"minecraft:potato":432,"minecraft:tuff":31,"minecraft:dirt":1529,"minecraft:lapis_lazuli":228,"minecraft:name_tag":1,"minecraft:glass":1,"minecraft:bone":166,"minecraft:bow":11,"minecraft:wheat_seeds":330,"minecraft:raw_gold":188,"minecraft:bolt_armor_trim_smithing_template":1,"minecraft:mossy_stone_bricks":6,"minecraft:fletching_table":23,"minecraft:bamboo":471,"minecraft:powered_rail":4,"minecraft:scrape_pottery_sherd":3,"minecraft:oak_planks":134,"minecraft:cooked_porkchop":15,"minecraft:axolotl_bucket":1,"minecraft:poisonous_potato":2,"minecraft:waxed_chiseled_copper":1,"minecraft:sand":146,"minecraft:grass_block":2,"minecraft:spectral_arrow":19,"minecraft:spruce_boat":29,"minecraft:diamond":141,"minecraft:crossbow":3,"minecraft:breeze_rod":16,"minecraft:emerald":175,"minecraft:oak_sapling":14,"minecraft:netherrack":6377,"minecraft:oak_leaves":1050,"minecraft:fishing_rod":1,"minecraft:splash_potion":1,"minecraft:azure_bluet":3,"minecraft:chicken":33,"minecraft:ladder":2,"minecraft:brown_mushroom":42,"minecraft:diamond_horse_armor":1,"minecraft:brick":72,"minecraft:shield":2,"minecraft:moss_carpet":1,"minecraft:iron_axe":5,"minecraft:item_frame":1,"minecraft:blackstone":68,"minecraft:detector_rail":2,"minecraft:oak_boat":34,"minecraft:lectern":298,"minecraft:sugar_cane":47,"minecraft:phantom_membrane":2,"minecraft:spruce_trapdoor":4,"minecraft:raw_iron":419,"minecraft:copper_ingot":1,"minecraft:polished_blackstone_bricks":1,"minecraft:arrow":321,"minecraft:weeping_vines":5,"minecraft:pumpkin_pie":1,"minecraft:golden_hoe":1,"minecraft:nether_bricks":4,"minecraft:glow_ink_sac":10,"minecraft:basalt":442,"minecraft:golden_carrot":5,"minecraft:crimson_stem":98,"minecraft:leather":58,"minecraft:birch_planks":8,"minecraft:crimson_fungus":4,"minecraft:waxed_copper_bulb":1,"minecraft:waxed_copper_block":3,"minecraft:yellow_bed":13,"minecraft:gunpowder":48,"minecraft:cobblestone_stairs":22,"minecraft:cooked_mutton":1,"minecraft:iron_ingot":112,"minecraft:cooked_chicken":2,"minecraft:soul_sand":137,"minecraft:book":151,"minecraft:scaffolding":6,"minecraft:oak_slab":7,"minecraft:emerald_block":1,"minecraft:pumpkin":1,"minecraft:heavy_core":1,"minecraft:quartz":74,"minecraft:dandelion":19,"minecraft:dripstone_block":3,"minecraft:amethyst_shard":43,"minecraft:blast_furnace":2,"minecraft:white_bed":58,"minecraft:gold_ore":1,"minecraft:spider_eye":30,"minecraft:chainmail_leggings":49,"minecraft:iron_helmet":3,"minecraft:coal":425},"minecraft:killed":{"minecraft:skeleton":96,"minecraft:chicken":13,"minecraft:skeleton_horse":4,"minecraft:magma_cube":17,"minecraft:iron_golem":5,"minecraft:zombie":189,"minecraft:cow":18,"minecraft:horse":1,"minecraft:breeze":6,"minecraft:enderman":13,"minecraft:zombified_piglin":6,"minecraft:spider":64,"minecraft:silverfish":1,"minecraft:piglin":22,"minecraft:pig":15,"minecraft:creeper":31,"minecraft:sheep":24,"minecraft:blaze":41,"minecraft:slime":165,"minecraft:phantom":1,"minecraft:drowned":2,"minecraft:hoglin":12,"minecraft:wither_skeleton":9}},"DataVersion":3953}