{"stats":{"minecraft:broken":{"minecraft:iron_shovel":2,"minecraft:shears":3,"minecraft:golden_sword":1,"minecraft:diamond_pickaxe":1,"minecraft:stone_axe":1,"minecraft:iron_sword":2,"minecraft:iron_axe":4,"minecraft:iron_pickaxe":1},"minecraft:mined":{"minecraft:spruce_planks":72,"minecraft:white_bed":23,"minecraft:cobblestone_stairs":22,"minecraft:brewing_stand":1,"minecraft:obsidian":70,"minecraft:cave_vines_plant":1,"minecraft:granite":16,"minecraft:budding_amethyst":1,"minecraft:grass_block":375,"minecraft:deepslate_bricks":1,"minecraft:chiseled_tuff_bricks":1,"minecraft:composter":8,"minecraft:crimson_fungus":1,"minecraft:nether_wart":28,"minecraft:tuff_bricks":61,"minecraft:polished_blackstone_bricks":1,"minecraft:weeping_vines_plant":3,"minecraft:magma_block":8,"minecraft:glowstone":12,"minecraft:iron_ore":97,"minecraft:cobbled_deepslate":11,"minecraft:fire":5,"minecraft:polished_tuff":3,"minecraft:anvil":1,"minecraft:deepslate_lapis_ore":15,"minecraft:fletching_table":8,"minecraft:enchanting_table":2,"minecraft:pointed_dripstone":10,"minecraft:cave_vines":2,"minecraft:water_cauldron":4,"minecraft:dirt_path":32,"minecraft:azalea":1,"minecraft:deepslate_redstone_ore":50,"minecraft:brown_mushroom":21,"minecraft:red_bed":3,"minecraft:blackstone":29,"minecraft:medium_amethyst_bud":1,"minecraft:crimson_nylium":9,"minecraft:amethyst_cluster":3,"minecraft:clay":2,"minecraft:torch":10,"minecraft:calcite":9,"minecraft:chest":23,"minecraft:nether_quartz_ore":24,"minecraft:cobblestone":52,"minecraft:oak_planks":84,"minecraft:sugar_cane":20,"minecraft:waxed_chiseled_copper":1,"minecraft:wall_torch":13,"minecraft:amethyst_block":3,"minecraft:waxed_copper_bulb":1,"minecraft:warped_nylium":2,"minecraft:birch_log":43,"minecraft:wheat":50,"minecraft:waxed_copper_block":5,"minecraft:oak_log":372,"minecraft:beetroots":6,"minecraft:waxed_oxidized_copper":1,"minecraft:sand":12,"minecraft:dirt":195,"minecraft:smooth_basalt":6,"minecraft:stonecutter":2,"minecraft:netherrack":1737,"minecraft:deepslate":333,"minecraft:oak_leaves":874,"minecraft:tuff":34,"minecraft:deepslate_diamond_ore":45,"minecraft:oak_door":4,"minecraft:ladder":1,"minecraft:crimson_roots":7,"minecraft:spruce_leaves":32,"minecraft:moss_block":3,"minecraft:crimson_stem":43,"minecraft:hay_block":73,"minecraft:redstone_ore":1,"minecraft:furnace":13,"minecraft:carrots":17,"minecraft:nether_sprouts":1,"minecraft:andesite":24,"minecraft:vine":1,"minecraft:potatoes":54,"minecraft:bookshelf":1,"minecraft:deepslate_iron_ore":149,"minecraft:stripped_oak_log":1,"minecraft:bamboo_sapling":1,"minecraft:bamboo":52,"minecraft:waxed_weathered_copper_bulb":1,"minecraft:stone":406,"minecraft:smithing_table":1,"minecraft:flowering_azalea":1,"minecraft:oak_slab":4,"minecraft:light_gray_carpet":3,"minecraft:scaffolding":2,"minecraft:soul_sand":36,"minecraft:basalt":168,"minecraft:dandelion":5,"minecraft:oak_fence":4,"minecraft:crafting_table":5,"minecraft:short_grass":237,"minecraft:warped_roots":1,"minecraft:lectern":136,"minecraft:copper_ore":4,"minecraft:tall_grass":38,"minecraft:lapis_ore":11,"minecraft:deepslate_gold_ore":59,"minecraft:polished_blackstone_brick_stairs":30,"minecraft:diorite":15,"minecraft:warped_wart_block":3,"minecraft:birch_planks":7,"minecraft:white_carpet":9,"minecraft:spruce_log":489,"minecraft:birch_leaves":1,"minecraft:yellow_bed":11,"minecraft:coal_ore":181,"minecraft:gravel":124,"minecraft:flower_pot":1,"minecraft:cobweb":7,"minecraft:gold_ore":6,"minecraft:fern":3},"minecraft:killed_by":{"minecraft:piglin":1,"minecraft:iron_golem":1,"minecraft:skeleton":1},"minecraft:custom":{"minecraft:animals_bred":2,"minecraft:interact_with_crafting_table":126,"minecraft:open_barrel":6,"minecraft:bell_ring":12,"minecraft:leave_game":3,"minecraft:time_since_death":44618,"minecraft:sprint_one_cm":1788640,"minecraft:damage_blocked_by_shield":715,"minecraft:drop":154,"minecraft:talked_to_villager":240,"minecraft:play_time":654932,"minecraft:deaths":5,"minecraft:jump":11313,"minecraft:interact_with_brewingstand":20,"minecraft:walk_on_water_one_cm":74548,"minecraft:enchant_item":2,"minecraft:interact_with_furnace":133,"minecraft:traded_with_villager":155,"minecraft:sleep_in_bed":18,"minecraft:damage_dealt":54412,"minecraft:player_kills":1,"minecraft:crouch_one_cm":213736,"minecraft:use_cauldron":1,"minecraft:interact_with_smoker":11,"minecraft:inspect_dispenser":2,"minecraft:interact_with_anvil":4,"minecraft:mob_kills":477,"minecraft:inspect_hopper":1,"minecraft:climb_one_cm":53880,"minecraft:walk_one_cm":2125046,"minecraft:sneak_time":57515,"minecraft:walk_under_water_one_cm":52857,"minecraft:boat_one_cm":216883,"minecraft:interact_with_blast_furnace":1,"minecraft:total_world_time":654932,"minecraft:time_since_rest":42416,"minecraft:damage_taken":13042,"minecraft:swim_one_cm":294263,"minecraft:fly_one_cm":2028138,"minecraft:open_chest":662,"minecraft:fall_one_cm":267704},"minecraft:used":{"minecraft:tuff_bricks":66,"minecraft:iron_shovel":537,"minecraft:ladder":4,"minecraft:chest":46,"minecraft:shield":24,"minecraft:iron_sword":494,"minecraft:nether_wart":5,"minecraft:soul_sand":6,"minecraft:mutton":1,"minecraft:carrot":12,"minecraft:tuff":22,"minecraft:obsidian":46,"minecraft:honey_bottle":12,"minecraft:spruce_boat":1,"minecraft:waxed_oxidized_copper":3,"minecraft:lava_bucket":2,"minecraft:item_frame":6,"minecraft:golden_sword":2,"minecraft:magma_block":8,"minecraft:bow":17,"minecraft:hay_block":3,"minecraft:scaffolding":52,"minecraft:ominous_bottle":1,"minecraft:furnace":15,"minecraft:potato":80,"minecraft:diorite":11,"minecraft:oak_planks":234,"minecraft:stone_pickaxe":110,"minecraft:wooden_pickaxe":3,"minecraft:composter":5,"minecraft:oak_leaves":253,"minecraft:blast_furnace":1,"minecraft:shears":713,"minecraft:polished_tuff":3,"minecraft:mace":6,"minecraft:bread":52,"minecraft:lectern":139,"minecraft:gravel":91,"minecraft:diamond_sword":547,"minecraft:smithing_table":2,"minecraft:andesite":21,"minecraft:oak_boat":14,"minecraft:bone_meal":90,"minecraft:enchanting_table":3,"minecraft:flint_and_steel":4,"minecraft:stone_shovel":53,"minecraft:spruce_planks":188,"minecraft:stone_hoe":156,"minecraft:cooked_chicken":4,"minecraft:trial_key":5,"minecraft:netherrack":264,"minecraft:oak_door":8,"minecraft:torch":353,"minecraft:brewing_stand":3,"minecraft:anvil":2,"minecraft:dirt":455,"minecraft:warped_wart_block":3,"minecraft:diamond_helmet":1,"minecraft:granite":11,"minecraft:bookshelf":4,"minecraft:iron_axe":1255,"minecraft:polished_blackstone_brick_stairs":32,"minecraft:bamboo":34,"minecraft:basalt":23,"minecraft:golden_carrot":5,"minecraft:cooked_beef":18,"minecraft:cobbled_deepslate":208,"minecraft:calcite":1,"minecraft:pointed_dripstone":6,"minecraft:wheat_seeds":38,"minecraft:cooked_mutton":34,"minecraft:water_bucket":16,"minecraft:cobblestone_stairs":22,"minecraft:birch_planks":2,"minecraft:glass_bottle":3,"minecraft:baked_potato":47,"minecraft:cauldron":4,"minecraft:fletching_table":9,"minecraft:deepslate_bricks":5,"minecraft:warped_roots":1,"minecraft:waxed_copper_block":2,"minecraft:polished_blackstone_bricks":1,"minecraft:oak_slab":118,"minecraft:crafting_table":14,"minecraft:red_bed":2,"minecraft:white_bed":21,"minecraft:smoker":1,"minecraft:spruce_log":8,"minecraft:oak_log":87,"minecraft:diamond_pickaxe":3340,"minecraft:ominous_trial_key":5,"minecraft:wind_charge":19,"minecraft:iron_pickaxe":330,"minecraft:spruce_trapdoor":2,"minecraft:spruce_sapling":29,"minecraft:stone_axe":236,"minecraft:cobblestone":297,"minecraft:potion":6,"minecraft:cooked_porkchop":48,"minecraft:bucket":20,"minecraft:glass_pane":7,"minecraft:yellow_bed":7,"minecraft:dandelion":1,"minecraft:gray_wool":1},"minecraft:dropped":{"minecraft:short_grass":4,"minecraft:glow_ink_sac":5,"minecraft:glass_bottle":10,"minecraft:crossbow":1,"minecraft:leather":2,"minecraft:dirt":4,"minecraft:mace":1,"minecraft:cornflower":2,"minecraft:crimson_roots":1,"minecraft:amethyst_shard":4,"minecraft:golden_chestplate":2,"minecraft:cobbled_deepslate":37,"minecraft:rotten_flesh":14,"minecraft:light_gray_carpet":3,"minecraft:azure_bluet":1,"minecraft:poppy":2,"minecraft:azalea":1,"minecraft:breeze_rod":1,"minecraft:beef":1,"minecraft:netherrack":842,"minecraft:enchanted_book":1,"minecraft:bread":16,"minecraft:wheat_seeds":3,"minecraft:dripstone_block":1,"minecraft:cobblestone":1,"minecraft:oak_fence":1,"minecraft:iron_helmet":1,"minecraft:granite":3,"minecraft:ominous_trial_key":3,"minecraft:oxeye_daisy":4,"minecraft:diorite":1,"minecraft:iron_leggings":9,"minecraft:golden_hoe":1,"minecraft:iron_axe":3,"minecraft:string":21,"minecraft:redstone":23,"minecraft:tuff_bricks":3,"minecraft:raw_copper":3,"minecraft:stone_shovel":33,"minecraft:chicken":1,"minecraft:white_carpet":9,"minecraft:clay_ball":24,"minecraft:iron_boots":1,"minecraft:trial_key":2,"minecraft:spruce_planks":1,"minecraft:diamond_pickaxe":1,"minecraft:andesite":2,"minecraft:golden_leggings":2,"minecraft:oak_sapling":1,"minecraft:spider_eye":2,"minecraft:slime_ball":72,"minecraft:bow":1,"minecraft:stone_pickaxe":1,"minecraft:wooden_pickaxe":1,"minecraft:brick":72},"minecraft:crafted":{"minecraft:ender_chest":1,"minecraft:smooth_stone":3,"minecraft:oak_planks":1004,"minecraft:blaze_powder":4,"minecraft:cooked_chicken":11,"minecraft:stone":3,"minecraft:cobblestone_stairs":8,"minecraft:bookshelf":7,"minecraft:cooked_mutton":34,"minecraft:mace":1,"minecraft:glass":12,"minecraft:diamond_helmet":1,"minecraft:bow":1,"minecraft:diamond_leggings":1,"minecraft:iron_boots":3,"minecraft:polished_blackstone":24,"minecraft:chest":26,"minecraft:stone_hoe":1,"minecraft:ender_eye":1,"minecraft:smoker":1,"minecraft:glass_bottle":3,"minecraft:item_frame":6,"minecraft:oak_slab":126,"minecraft:emerald":126,"minecraft:cooked_porkchop":48,"minecraft:crafting_table":9,"minecraft:spruce_planks":1868,"minecraft:baked_potato":108,"minecraft:wooden_pickaxe":1,"minecraft:iron_helmet":2,"minecraft:smithing_table":1,"minecraft:fletching_table":1,"minecraft:brewing_stand":2,"minecraft:spruce_trapdoor":2,"minecraft:lectern":3,"minecraft:iron_chestplate":2,"minecraft:book":7,"minecraft:paper":12,"minecraft:diamond_pickaxe":2,"minecraft:shield":1,"minecraft:stick":3956,"minecraft:iron_ingot":189,"minecraft:iron_pickaxe":2,"minecraft:iron_block":3,"minecraft:gold_ingot":52,"minecraft:polished_blackstone_brick_stairs":16,"minecraft:polished_blackstone_bricks":24,"minecraft:deepslate_bricks":4,"minecraft:shears":3,"minecraft:oak_door":3,"minecraft:stone_shovel":23,"minecraft:furnace":6,"minecraft:blast_furnace":1,"minecraft:bone_meal":90,"minecraft:glass_pane":16,"minecraft:flint_and_steel":2,"minecraft:scaffolding":84,"minecraft:polished_deepslate":4,"minecraft:iron_axe":5,"minecraft:ladder":3,"minecraft:stone_pickaxe":1,"minecraft:diamond_boots":2,"minecraft:spruce_boat":1,"minecraft:redstone_block":15,"minecraft:wheat":171,"minecraft:cooked_beef":16,"minecraft:sugar":1,"minecraft:diamond_sword":1,"minecraft:enchanting_table":1,"minecraft:iron_sword":2,"minecraft:bucket":1,"minecraft:stone_axe":3,"minecraft:enchanted_book":3,"minecraft:air":0,"minecraft:bread":56,"minecraft:oak_boat":4,"minecraft:iron_shovel":3,"minecraft:iron_leggings":7,"minecraft:anvil":1,"minecraft:white_bed":1,"minecraft:torch":328,"minecraft:diamond_chestplate":2},"minecraft:picked_up":{"minecraft:iron_chestplate":3,"minecraft:wheat":45,"minecraft:anvil":1,"minecraft:flower_pot":1,"minecraft:smithing_table":1,"minecraft:diamond_sword":3,"minecraft:potion":10,"minecraft:enchanted_book":6,"minecraft:brewing_stand":1,"minecraft:golden_sword":4,"minecraft:amethyst_block":3,"minecraft:polished_blackstone_brick_stairs":30,"minecraft:string":60,"minecraft:raw_copper":13,"minecraft:cooked_salmon":6,"minecraft:iron_leggings":9,"minecraft:pufferfish":1,"minecraft:beetroot":6,"minecraft:cobbled_deepslate":350,"minecraft:bucket":1,"minecraft:spruce_planks":285,"minecraft:trial_key":7,"minecraft:azalea":1,"minecraft:calcite":9,"minecraft:iron_pickaxe":1,"minecraft:enchanted_golden_apple":2,"minecraft:iron_boots":3,"minecraft:furnace":13,"minecraft:tipped_arrow":19,"minecraft:stick":44,"minecraft:composter":8,"minecraft:oak_fence":22,"minecraft:torch":48,"minecraft:porkchop":56,"minecraft:waxed_weathered_copper_bulb":1,"minecraft:waxed_copper_grate":1,"minecraft:pointed_dripstone":15,"minecraft:diorite":16,"minecraft:golden_chestplate":2,"minecraft:cauldron":4,"minecraft:rotten_flesh":97,"minecraft:honey_bottle":6,"minecraft:tropical_fish":1,"minecraft:bookshelf":3,"minecraft:blaze_rod":12,"minecraft:obsidian":70,"minecraft:blaze_powder":1,"minecraft:cobblestone":563,"minecraft:birch_log":43,"minecraft:enchanting_table":2,"minecraft:magma_block":8,"minecraft:leather_chestplate":1,"minecraft:feather":27,"minecraft:cooked_beef":2,"minecraft:magma_cream":3,"minecraft:water_bucket":2,"minecraft:andesite":26,"minecraft:potato":197,"minecraft:golden_leggings":3,"minecraft:flint":12,"minecraft:tuff":27,"minecraft:lapis_lazuli":164,"minecraft:dirt":723,"minecraft:bone":84,"minecraft:stonecutter":2,"minecraft:bow":6,"minecraft:wheat_seeds":196,"minecraft:raw_gold":81,"minecraft:bolt_armor_trim_smithing_template":1,"minecraft:glowstone_dust":68,"minecraft:fletching_table":8,"minecraft:diamond_helmet":3,"minecraft:bamboo":387,"minecraft:scrape_pottery_sherd":3,"minecraft:oak_planks":113,"minecraft:cooked_porkchop":15,"minecraft:warped_wart_block":3,"minecraft:waxed_chiseled_copper":1,"minecraft:sand":12,"minecraft:grass_block":2,"minecraft:diamond":74,"minecraft:spruce_boat":2,"minecraft:granite":16,"minecraft:crossbow":3,"minecraft:breeze_rod":16,"minecraft:emerald":154,"minecraft:bread":10,"minecraft:oak_sapling":11,"minecraft:light_gray_carpet":3,"minecraft:netherrack":3762,"minecraft:ominous_trial_key":14,"minecraft:oak_leaves":1050,"minecraft:crimson_roots":19,"minecraft:diamond_pickaxe":6,"minecraft:fishing_rod":1,"minecraft:crafting_table":5,"minecraft:ladder":1,"minecraft:azure_bluet":2,"minecraft:ominous_bottle":1,"minecraft:chicken":33,"minecraft:nether_wart":87,"minecraft:clay_ball":32,"minecraft:brown_mushroom":21,"minecraft:brick":72,"minecraft:shield":1,"minecraft:wind_charge":39,"minecraft:moss_carpet":1,"minecraft:cornflower":2,"minecraft:red_bed":3,"minecraft:flow_banner_pattern":1,"minecraft:iron_axe":5,"minecraft:flint_and_steel":4,"minecraft:white_carpet":9,"minecraft:iron_shovel":1,"minecraft:blackstone":54,"minecraft:beef":41,"minecraft:oak_boat":15,"minecraft:iron_nugget":7,"minecraft:poppy":7,"minecraft:lectern":136,"minecraft:sugar_cane":47,"minecraft:chest":24,"minecraft:waxed_oxidized_copper":7,"minecraft:egg":7,"minecraft:raw_iron":245,"minecraft:oak_door":6,"minecraft:polished_blackstone_bricks":1,"minecraft:mace":2,"minecraft:carrot":63,"minecraft:redstone":319,"minecraft:stone_shovel":23,"minecraft:arrow":211,"minecraft:weeping_vines":5,"minecraft:diamond_chestplate":2,"minecraft:cooked_cod":1,"minecraft:beetroot_seeds":16,"minecraft:golden_hoe":1,"minecraft:deepslate_bricks":1,"minecraft:hay_block":72,"minecraft:flow_armor_trim_smithing_template":4,"minecraft:tuff_bricks":80,"minecraft:mutton":35,"minecraft:white_wool":36,"minecraft:oxeye_daisy":6,"minecraft:stripped_oak_log":1,"minecraft:basalt":434,"minecraft:golden_carrot":5,"minecraft:glow_ink_sac":10,"minecraft:crimson_stem":98,"minecraft:leather":30,"minecraft:birch_planks":8,"minecraft:waxed_copper_bulb":1,"minecraft:crimson_fungus":2,"minecraft:lily_pad":6,"minecraft:oak_log":374,"minecraft:waxed_copper_block":3,"minecraft:yellow_bed":11,"minecraft:gunpowder":16,"minecraft:cobblestone_stairs":22,"minecraft:cooked_mutton":1,"minecraft:apple":3,"minecraft:iron_ingot":92,"minecraft:stone_pickaxe":1,"minecraft:cooked_chicken":2,"minecraft:glass_bottle":8,"minecraft:flowering_azalea":1,"minecraft:iron_sword":1,"minecraft:soul_sand":91,"minecraft:book":4,"minecraft:scaffolding":6,"minecraft:oak_slab":4,"minecraft:smooth_basalt":6,"minecraft:emerald_block":1,"minecraft:heavy_core":1,"minecraft:quartz":59,"minecraft:dandelion":13,"minecraft:dripstone_block":2,"minecraft:gravel":113,"minecraft:amethyst_shard":40,"minecraft:spruce_sapling":49,"minecraft:white_bed":24,"minecraft:spruce_log":487,"minecraft:spider_eye":17,"minecraft:polished_tuff":3,"minecraft:slime_ball":323,"minecraft:stone_axe":2,"minecraft:short_grass":8,"minecraft:iron_helmet":3,"minecraft:gray_wool":1,"minecraft:warped_roots":5,"minecraft:baked_potato":75,"minecraft:warped_nylium":2,"minecraft:coal":284,"minecraft:ender_pearl":2},"minecraft:killed":{"minecraft:zombified_piglin":1,"minecraft:spider":27,"minecraft:skeleton":48,"minecraft:chicken":13,"minecraft:magma_cube":17,"minecraft:piglin":20,"minecraft:pig":15,"minecraft:iron_golem":2,"minecraft:creeper":9,"minecraft:sheep":24,"minecraft:zombie":65,"minecraft:cow":18,"minecraft:blaze":15,"minecraft:slime":165,"minecraft:horse":1,"minecraft:drowned":1,"minecraft:hoglin":7,"minecraft:breeze":6,"minecraft:wither_skeleton":9,"minecraft:enderman":8}},"DataVersion":3953}