{"stats":{"minecraft:broken":{"minecraft:iron_shovel":2,"minecraft:diamond_helmet":1,"minecraft:shears":3,"minecraft:golden_sword":1,"minecraft:diamond_pickaxe":1,"minecraft:stone_axe":1,"minecraft:iron_sword":2,"minecraft:iron_axe":5,"minecraft:iron_pickaxe":1},"minecraft:mined":{"minecraft:spruce_planks":86,"minecraft:white_bed":26,"minecraft:cobblestone_stairs":22,"minecraft:spruce_trapdoor":2,"minecraft:brewing_stand":1,"minecraft:obsidian":70,"minecraft:cave_vines_plant":1,"minecraft:granite":16,"minecraft:budding_amethyst":1,"minecraft:grass_block":424,"minecraft:deepslate_bricks":1,"minecraft:chiseled_tuff_bricks":1,"minecraft:composter":8,"minecraft:crimson_fungus":1,"minecraft:nether_wart":28,"minecraft:tuff_bricks":61,"minecraft:polished_blackstone_bricks":1,"minecraft:weeping_vines_plant":3,"minecraft:magma_block":8,"minecraft:glowstone":12,"minecraft:iron_ore":114,"minecraft:cobbled_deepslate":47,"minecraft:fire":5,"minecraft:polished_tuff":3,"minecraft:moss_carpet":1,"minecraft:anvil":2,"minecraft:deepslate_lapis_ore":17,"minecraft:fletching_table":15,"minecraft:enchanting_table":2,"minecraft:pointed_dripstone":10,"minecraft:cave_vines":3,"minecraft:water_cauldron":4,"minecraft:dirt_path":32,"minecraft:azalea":2,"minecraft:deepslate_redstone_ore":61,"minecraft:brown_mushroom":21,"minecraft:red_bed":3,"minecraft:blackstone":29,"minecraft:medium_amethyst_bud":1,"minecraft:crimson_nylium":9,"minecraft:amethyst_cluster":3,"minecraft:clay":2,"minecraft:torch":12,"minecraft:calcite":9,"minecraft:chest":23,"minecraft:nether_quartz_ore":24,"minecraft:cobblestone":62,"minecraft:oak_planks":89,"minecraft:sugar_cane":20,"minecraft:waxed_chiseled_copper":1,"minecraft:wall_torch":16,"minecraft:amethyst_block":3,"minecraft:waxed_copper_bulb":1,"minecraft:warped_nylium":2,"minecraft:birch_log":43,"minecraft:wheat":97,"minecraft:waxed_copper_block":5,"minecraft:oak_log":372,"minecraft:beetroots":6,"minecraft:waxed_oxidized_copper":1,"minecraft:sand":135,"minecraft:dirt":209,"minecraft:smooth_basalt":6,"minecraft:stonecutter":2,"minecraft:netherrack":2900,"minecraft:deepslate":452,"minecraft:oak_leaves":925,"minecraft:tuff":47,"minecraft:deepslate_diamond_ore":75,"minecraft:oak_door":4,"minecraft:nether_bricks":4,"minecraft:ladder":1,"minecraft:crimson_roots":7,"minecraft:spruce_leaves":40,"minecraft:moss_block":5,"minecraft:crimson_stem":43,"minecraft:hay_block":73,"minecraft:redstone_ore":3,"minecraft:furnace":14,"minecraft:carrots":58,"minecraft:nether_sprouts":1,"minecraft:andesite":24,"minecraft:rail":10,"minecraft:vine":1,"minecraft:potatoes":124,"minecraft:bookshelf":2,"minecraft:deepslate_iron_ore":165,"minecraft:stripped_oak_log":1,"minecraft:bamboo_sapling":1,"minecraft:bamboo":52,"minecraft:waxed_weathered_copper_bulb":1,"minecraft:stone":438,"minecraft:smithing_table":1,"minecraft:flowering_azalea":1,"minecraft:oak_slab":7,"minecraft:light_gray_carpet":3,"minecraft:scaffolding":2,"minecraft:soul_sand":36,"minecraft:basalt":168,"minecraft:dandelion":5,"minecraft:oak_fence":4,"minecraft:crafting_table":5,"minecraft:short_grass":248,"minecraft:warped_roots":1,"minecraft:lectern":138,"minecraft:copper_ore":5,"minecraft:tall_grass":38,"minecraft:lapis_ore":18,"minecraft:deepslate_gold_ore":102,"minecraft:polished_blackstone_brick_stairs":30,"minecraft:diorite":16,"minecraft:warped_wart_block":3,"minecraft:birch_planks":7,"minecraft:white_carpet":9,"minecraft:spruce_log":841,"minecraft:birch_leaves":1,"minecraft:yellow_bed":11,"minecraft:coal_ore":270,"minecraft:dripstone_block":5,"minecraft:gravel":133,"minecraft:flower_pot":1,"minecraft:cobweb":7,"minecraft:gold_ore":6,"minecraft:fern":3},"minecraft:killed_by":{"minecraft:creeper":1,"minecraft:piglin":1,"minecraft:iron_golem":1,"minecraft:skeleton":1},"minecraft:custom":{"minecraft:animals_bred":2,"minecraft:interact_with_crafting_table":156,"minecraft:open_barrel":6,"minecraft:bell_ring":17,"minecraft:leave_game":3,"minecraft:time_since_death":163002,"minecraft:sprint_one_cm":2174367,"minecraft:damage_blocked_by_shield":1180,"minecraft:drop":183,"minecraft:talked_to_villager":300,"minecraft:play_time":852932,"minecraft:deaths":6,"minecraft:jump":13825,"minecraft:interact_with_brewingstand":28,"minecraft:walk_on_water_one_cm":92787,"minecraft:enchant_item":2,"minecraft:interact_with_furnace":221,"minecraft:traded_with_villager":263,"minecraft:sleep_in_bed":22,"minecraft:damage_dealt":60714,"minecraft:player_kills":1,"minecraft:crouch_one_cm":244281,"minecraft:use_cauldron":10,"minecraft:interact_with_smoker":24,"minecraft:inspect_dispenser":2,"minecraft:interact_with_anvil":5,"minecraft:mob_kills":516,"minecraft:inspect_hopper":1,"minecraft:fill_cauldron":1,"minecraft:climb_one_cm":56293,"minecraft:walk_one_cm":2707860,"minecraft:sneak_time":66744,"minecraft:walk_under_water_one_cm":63887,"minecraft:boat_one_cm":250130,"minecraft:interact_with_blast_furnace":17,"minecraft:total_world_time":852932,"minecraft:time_since_rest":33569,"minecraft:damage_taken":15463,"minecraft:swim_one_cm":343396,"minecraft:fly_one_cm":2423371,"minecraft:open_chest":866,"minecraft:fall_one_cm":316086},"minecraft:used":{"minecraft:tuff_bricks":66,"minecraft:iron_shovel":709,"minecraft:spruce_slab":1,"minecraft:ladder":5,"minecraft:chest":46,"minecraft:shield":36,"minecraft:iron_sword":494,"minecraft:nether_wart":5,"minecraft:soul_sand":6,"minecraft:mutton":1,"minecraft:nether_bricks":4,"minecraft:carrot":101,"minecraft:tuff":22,"minecraft:obsidian":46,"minecraft:honey_bottle":12,"minecraft:glass":60,"minecraft:spruce_boat":1,"minecraft:waxed_oxidized_copper":3,"minecraft:lava_bucket":5,"minecraft:item_frame":6,"minecraft:golden_sword":2,"minecraft:magma_block":8,"minecraft:bow":37,"minecraft:hay_block":3,"minecraft:scaffolding":52,"minecraft:ominous_bottle":1,"minecraft:furnace":17,"minecraft:potato":128,"minecraft:diorite":11,"minecraft:powered_rail":3,"minecraft:oak_planks":238,"minecraft:stone_pickaxe":110,"minecraft:wooden_pickaxe":3,"minecraft:composter":6,"minecraft:oak_leaves":253,"minecraft:sand":1,"minecraft:blast_furnace":3,"minecraft:shears":713,"minecraft:polished_tuff":3,"minecraft:mace":6,"minecraft:bread":52,"minecraft:lectern":141,"minecraft:gravel":111,"minecraft:diamond_sword":665,"minecraft:smithing_table":2,"minecraft:andesite":21,"minecraft:oak_boat":16,"minecraft:bone_meal":101,"minecraft:enchanting_table":3,"minecraft:flint_and_steel":4,"minecraft:stone_shovel":53,"minecraft:spruce_planks":231,"minecraft:stone_hoe":156,"minecraft:cooked_chicken":4,"minecraft:trial_key":5,"minecraft:netherrack":405,"minecraft:oak_door":8,"minecraft:spyglass":9,"minecraft:torch":446,"minecraft:brewing_stand":3,"minecraft:anvil":3,"minecraft:dirt":499,"minecraft:warped_wart_block":3,"minecraft:diamond_helmet":1,"minecraft:granite":11,"minecraft:iron_hoe":14,"minecraft:bookshelf":5,"minecraft:iron_axe":1607,"minecraft:polished_blackstone_brick_stairs":32,"minecraft:glowstone":1,"minecraft:bamboo":34,"minecraft:basalt":23,"minecraft:golden_carrot":5,"minecraft:cooked_beef":20,"minecraft:cobbled_deepslate":288,"minecraft:calcite":1,"minecraft:pointed_dripstone":6,"minecraft:wheat_seeds":65,"minecraft:cooked_mutton":34,"minecraft:water_bucket":25,"minecraft:cobblestone_stairs":22,"minecraft:birch_planks":2,"minecraft:glass_bottle":10,"minecraft:baked_potato":100,"minecraft:cauldron":4,"minecraft:fletching_table":16,"minecraft:deepslate_bricks":5,"minecraft:warped_roots":1,"minecraft:waxed_copper_block":2,"minecraft:polished_blackstone_bricks":1,"minecraft:rail":17,"minecraft:oak_slab":120,"minecraft:crafting_table":15,"minecraft:red_bed":2,"minecraft:white_bed":27,"minecraft:painting":1,"minecraft:smoker":2,"minecraft:spruce_log":8,"minecraft:oak_log":87,"minecraft:diamond_pickaxe":4880,"minecraft:ominous_trial_key":5,"minecraft:wind_charge":19,"minecraft:iron_pickaxe":408,"minecraft:detector_rail":1,"minecraft:spruce_trapdoor":5,"minecraft:spruce_sapling":45,"minecraft:stone_axe":278,"minecraft:cobblestone":350,"minecraft:potion":9,"minecraft:cooked_porkchop":48,"minecraft:bucket":37,"minecraft:glass_pane":7,"minecraft:yellow_bed":7,"minecraft:splash_potion":1,"minecraft:dandelion":1,"minecraft:gray_wool":1},"minecraft:dropped":{"minecraft:short_grass":4,"minecraft:lapis_lazuli":16,"minecraft:glow_ink_sac":5,"minecraft:glass_bottle":10,"minecraft:diamond":20,"minecraft:crossbow":1,"minecraft:leather":2,"minecraft:dirt":6,"minecraft:mace":1,"minecraft:cornflower":2,"minecraft:crimson_roots":1,"minecraft:amethyst_shard":4,"minecraft:bone":8,"minecraft:golden_chestplate":2,"minecraft:cobbled_deepslate":48,"minecraft:rotten_flesh":15,"minecraft:light_gray_carpet":3,"minecraft:azure_bluet":1,"minecraft:carrot":30,"minecraft:poppy":2,"minecraft:gunpowder":7,"minecraft:azalea":1,"minecraft:breeze_rod":1,"minecraft:arrow":3,"minecraft:beef":1,"minecraft:netherrack":845,"minecraft:enchanted_book":1,"minecraft:bread":16,"minecraft:wheat_seeds":3,"minecraft:dripstone_block":1,"minecraft:cobblestone":1,"minecraft:oak_fence":1,"minecraft:iron_helmet":1,"minecraft:granite":3,"minecraft:ominous_trial_key":3,"minecraft:stick":3,"minecraft:oxeye_daisy":4,"minecraft:diorite":1,"minecraft:iron_leggings":10,"minecraft:golden_hoe":1,"minecraft:iron_axe":3,"minecraft:string":21,"minecraft:redstone":23,"minecraft:tuff_bricks":3,"minecraft:raw_copper":11,"minecraft:tuff":1,"minecraft:stone_shovel":33,"minecraft:chicken":1,"minecraft:white_carpet":9,"minecraft:clay_ball":32,"minecraft:iron_boots":5,"minecraft:trial_key":2,"minecraft:spruce_planks":1,"minecraft:diamond_pickaxe":1,"minecraft:andesite":2,"minecraft:golden_leggings":2,"minecraft:oak_sapling":1,"minecraft:spider_eye":2,"minecraft:slime_ball":72,"minecraft:bow":9,"minecraft:stone_pickaxe":1,"minecraft:wooden_pickaxe":1,"minecraft:brick":72},"minecraft:crafted":{"minecraft:ender_chest":1,"minecraft:smooth_stone":9,"minecraft:oak_planks":1004,"minecraft:blaze_powder":4,"minecraft:cooked_chicken":11,"minecraft:stone":11,"minecraft:cobblestone_stairs":8,"minecraft:nether_brick":240,"minecraft:bookshelf":8,"minecraft:cooked_mutton":34,"minecraft:mace":1,"minecraft:glass":124,"minecraft:diamond_helmet":2,"minecraft:bow":6,"minecraft:diamond_leggings":1,"minecraft:iron_boots":3,"minecraft:polished_blackstone":24,"minecraft:stone_pressure_plate":1,"minecraft:chest":26,"minecraft:rail":16,"minecraft:stone_hoe":1,"minecraft:ender_eye":1,"minecraft:smoker":2,"minecraft:glass_bottle":6,"minecraft:item_frame":6,"minecraft:oak_slab":126,"minecraft:arrow":192,"minecraft:emerald":214,"minecraft:cooked_porkchop":48,"minecraft:crafting_table":10,"minecraft:spruce_planks":3276,"minecraft:baked_potato":108,"minecraft:wooden_pickaxe":1,"minecraft:iron_helmet":2,"minecraft:smithing_table":1,"minecraft:copper_ingot":2,"minecraft:fletching_table":2,"minecraft:brewing_stand":2,"minecraft:painting":1,"minecraft:spruce_trapdoor":4,"minecraft:lectern":3,"minecraft:iron_chestplate":2,"minecraft:book":7,"minecraft:paper":12,"minecraft:diamond_pickaxe":2,"minecraft:shield":2,"minecraft:stick":6778,"minecraft:iron_ingot":278,"minecraft:iron_pickaxe":2,"minecraft:iron_block":3,"minecraft:gold_ingot":116,"minecraft:polished_blackstone_brick_stairs":16,"minecraft:composter":1,"minecraft:polished_blackstone_bricks":24,"minecraft:deepslate_bricks":4,"minecraft:shears":3,"minecraft:oak_door":3,"minecraft:stone_shovel":23,"minecraft:spyglass":1,"minecraft:furnace":8,"minecraft:blast_furnace":3,"minecraft:bone_meal":111,"minecraft:glass_pane":16,"minecraft:flint_and_steel":2,"minecraft:scaffolding":84,"minecraft:detector_rail":6,"minecraft:polished_deepslate":4,"minecraft:iron_axe":7,"minecraft:iron_hoe":1,"minecraft:ladder":6,"minecraft:spruce_slab":12,"minecraft:stone_pickaxe":1,"minecraft:diamond_boots":2,"minecraft:spruce_boat":1,"minecraft:redstone_block":15,"minecraft:minecart":1,"minecraft:wheat":171,"minecraft:cooked_beef":32,"minecraft:sugar":2,"minecraft:diamond_sword":1,"minecraft:enchanting_table":1,"minecraft:powered_rail":6,"minecraft:iron_sword":2,"minecraft:nether_bricks":58,"minecraft:bucket":1,"minecraft:glowstone":1,"minecraft:stone_axe":3,"minecraft:enchanted_book":5,"minecraft:air":0,"minecraft:bread":56,"minecraft:oak_boat":4,"minecraft:golden_apple":1,"minecraft:fermented_spider_eye":1,"minecraft:iron_shovel":3,"minecraft:iron_leggings":7,"minecraft:anvil":1,"minecraft:white_bed":3,"minecraft:torch":420,"minecraft:diamond_chestplate":2},"minecraft:picked_up":{"minecraft:iron_chestplate":3,"minecraft:wheat":80,"minecraft:ender_chest":1,"minecraft:anvil":2,"minecraft:flower_pot":1,"minecraft:smithing_table":1,"minecraft:diamond_sword":4,"minecraft:potion":10,"minecraft:enchanted_book":7,"minecraft:brewing_stand":1,"minecraft:golden_sword":4,"minecraft:amethyst_block":3,"minecraft:polished_blackstone_brick_stairs":30,"minecraft:string":82,"minecraft:raw_copper":23,"minecraft:cooked_salmon":6,"minecraft:iron_leggings":11,"minecraft:pufferfish":1,"minecraft:beetroot":6,"minecraft:cobbled_deepslate":568,"minecraft:bucket":1,"minecraft:spruce_planks":341,"minecraft:trial_key":7,"minecraft:azalea":1,"minecraft:calcite":9,"minecraft:iron_pickaxe":1,"minecraft:enchanted_golden_apple":2,"minecraft:iron_boots":7,"minecraft:furnace":15,"minecraft:tipped_arrow":19,"minecraft:stick":60,"minecraft:composter":8,"minecraft:oak_fence":22,"minecraft:torch":53,"minecraft:porkchop":56,"minecraft:waxed_weathered_copper_bulb":1,"minecraft:waxed_copper_grate":1,"minecraft:pointed_dripstone":15,"minecraft:diorite":17,"minecraft:golden_chestplate":2,"minecraft:cauldron":4,"minecraft:rotten_flesh":99,"minecraft:honey_bottle":6,"minecraft:tropical_fish":1,"minecraft:bookshelf":3,"minecraft:blaze_rod":12,"minecraft:obsidian":70,"minecraft:blaze_powder":1,"minecraft:cobblestone":665,"minecraft:birch_log":43,"minecraft:enchanting_table":2,"minecraft:magma_block":8,"minecraft:leather_chestplate":1,"minecraft:feather":27,"minecraft:cooked_beef":2,"minecraft:magma_cream":3,"minecraft:water_bucket":3,"minecraft:andesite":26,"minecraft:potato":432,"minecraft:golden_leggings":3,"minecraft:flint":13,"minecraft:tuff":27,"minecraft:lapis_lazuli":228,"minecraft:dirt":801,"minecraft:name_tag":1,"minecraft:bone":130,"minecraft:stonecutter":2,"minecraft:bow":11,"minecraft:wheat_seeds":300,"minecraft:raw_gold":188,"minecraft:bolt_armor_trim_smithing_template":1,"minecraft:glowstone_dust":68,"minecraft:fletching_table":15,"minecraft:diamond_helmet":4,"minecraft:bamboo":471,"minecraft:scrape_pottery_sherd":3,"minecraft:oak_planks":118,"minecraft:cooked_porkchop":15,"minecraft:poisonous_potato":2,"minecraft:warped_wart_block":3,"minecraft:axolotl_bucket":1,"minecraft:waxed_chiseled_copper":1,"minecraft:sand":146,"minecraft:grass_block":2,"minecraft:diamond":140,"minecraft:spruce_boat":2,"minecraft:granite":16,"minecraft:crossbow":3,"minecraft:breeze_rod":16,"minecraft:emerald":154,"minecraft:bread":10,"minecraft:oak_sapling":14,"minecraft:light_gray_carpet":3,"minecraft:netherrack":4920,"minecraft:ominous_trial_key":14,"minecraft:oak_leaves":1050,"minecraft:crimson_roots":19,"minecraft:diamond_pickaxe":7,"minecraft:fishing_rod":1,"minecraft:crafting_table":5,"minecraft:ladder":1,"minecraft:azure_bluet":2,"minecraft:ominous_bottle":1,"minecraft:chicken":33,"minecraft:nether_wart":87,"minecraft:clay_ball":40,"minecraft:brown_mushroom":42,"minecraft:diamond_horse_armor":1,"minecraft:brick":72,"minecraft:shield":2,"minecraft:wind_charge":39,"minecraft:moss_carpet":1,"minecraft:cornflower":2,"minecraft:red_bed":3,"minecraft:flow_banner_pattern":1,"minecraft:iron_axe":5,"minecraft:flint_and_steel":4,"minecraft:white_carpet":9,"minecraft:iron_shovel":1,"minecraft:blackstone":54,"minecraft:beef":51,"minecraft:oak_boat":16,"minecraft:iron_nugget":7,"minecraft:poppy":7,"minecraft:lectern":138,"minecraft:sugar_cane":47,"minecraft:chest":24,"minecraft:spruce_trapdoor":2,"minecraft:waxed_oxidized_copper":7,"minecraft:egg":7,"minecraft:raw_iron":419,"minecraft:oak_door":6,"minecraft:polished_blackstone_bricks":1,"minecraft:mace":2,"minecraft:carrot":133,"minecraft:redstone":319,"minecraft:stone_shovel":23,"minecraft:arrow":290,"minecraft:weeping_vines":5,"minecraft:diamond_chestplate":3,"minecraft:cooked_cod":1,"minecraft:beetroot_seeds":16,"minecraft:golden_hoe":1,"minecraft:nether_bricks":4,"minecraft:diamond_boots":1,"minecraft:deepslate_bricks":1,"minecraft:hay_block":72,"minecraft:flow_armor_trim_smithing_template":4,"minecraft:tuff_bricks":80,"minecraft:mutton":35,"minecraft:rail":11,"minecraft:white_wool":36,"minecraft:oxeye_daisy":6,"minecraft:stripped_oak_log":1,"minecraft:basalt":434,"minecraft:golden_carrot":5,"minecraft:glow_ink_sac":10,"minecraft:crimson_stem":98,"minecraft:leather":36,"minecraft:birch_planks":8,"minecraft:waxed_copper_bulb":1,"minecraft:crimson_fungus":2,"minecraft:lily_pad":6,"minecraft:oak_log":374,"minecraft:waxed_copper_block":3,"minecraft:yellow_bed":11,"minecraft:gunpowder":25,"minecraft:cobblestone_stairs":22,"minecraft:cooked_mutton":1,"minecraft:apple":3,"minecraft:iron_ingot":95,"minecraft:stone_pickaxe":1,"minecraft:cooked_chicken":2,"minecraft:glass_bottle":8,"minecraft:flowering_azalea":1,"minecraft:iron_sword":1,"minecraft:soul_sand":91,"minecraft:book":7,"minecraft:scaffolding":6,"minecraft:oak_slab":7,"minecraft:smooth_basalt":6,"minecraft:emerald_block":1,"minecraft:heavy_core":1,"minecraft:quartz":59,"minecraft:dandelion":13,"minecraft:spyglass":1,"minecraft:dripstone_block":3,"minecraft:gravel":132,"minecraft:amethyst_shard":43,"minecraft:spruce_sapling":75,"minecraft:white_bed":27,"minecraft:spruce_log":839,"minecraft:spider_eye":18,"minecraft:polished_tuff":3,"minecraft:slime_ball":323,"minecraft:stone_axe":2,"minecraft:short_grass":8,"minecraft:iron_helmet":3,"minecraft:gray_wool":1,"minecraft:warped_roots":5,"minecraft:baked_potato":122,"minecraft:warped_nylium":2,"minecraft:coal":417,"minecraft:ender_pearl":4},"minecraft:killed":{"minecraft:zombified_piglin":1,"minecraft:spider":36,"minecraft:skeleton":66,"minecraft:chicken":13,"minecraft:magma_cube":17,"minecraft:piglin":20,"minecraft:pig":15,"minecraft:iron_golem":2,"minecraft:creeper":11,"minecraft:sheep":24,"minecraft:zombie":73,"minecraft:cow":18,"minecraft:blaze":15,"minecraft:slime":165,"minecraft:horse":1,"minecraft:drowned":1,"minecraft:hoglin":7,"minecraft:breeze":6,"minecraft:wither_skeleton":9,"minecraft:enderman":9}},"DataVersion":3953}